Post_ID,Timestamp,Platform,Content_Type,Category,Likes,Comments,Shares,Views,Saves,Follower_Count,Engagement_Rate,Hour_of_Day,Day_of_Week,Hashtag_Count,Content_Length,Sentiment,Influencer_Tier,Has_Media,Is_Verified,month,year,total_engagement,engagement_per_1k_views,engagement_per_1k_followers,Engagement_Rate_winsorized,Views_winsorized,Likes_winsorized,total_engagement_winsorized,is_sports_fitness_health,influencer_tier_norm
POST_02171,2024-01-01 05:05:00,LinkedIn,Document,Health,1711,27,247,24538,139,312647,0.63,5,Monday,9,627,Negative,Macro,False,True,1,2024,2124,86.55962181106855,6.79360428854267,0.63,24538.0,1711.0,2124.0,True,macro
POST_01548,2024-01-01 10:58:00,Facebook,Video,Sports,535,178,433,68246,740,428935,0.27,10,Monday,17,554,Neutral,Macro,True,False,1,2024,1886,27.635319286112008,4.396936598785364,0.27,68246.0,535.0,1886.0,True,macro
POST_01350,2024-01-01 13:12:00,Instagram,Photo,Fitness,9706,35,118,25782,611,64384,15.31,13,Monday,5,1136,Positive,Mid-tier,True,False,1,2024,10470,406.0972771701187,162.61804174950296,15.31,25782.0,9706.0,10470.0,True,mid-tier
POST_01582,2024-01-02 01:24:00,Twitter,Poll,Sports,3767,83,522,59434,242,421886,1.04,1,Tuesday,19,1611,Negative,Macro,True,False,1,2024,4614,77.63233166201164,10.93660372707319,1.04,59434.0,3767.0,4614.0,True,macro
POST_01803,2024-01-03 00:42:00,Twitter,Poll,Sports,4926,205,1317,28491,466,148659,4.34,0,Wednesday,7,1597,Neutral,Macro,True,False,1,2024,6914,242.67312484644273,46.509124910028994,4.34,28491.0,4926.0,6914.0,True,macro
POST_00426,2024-01-03 09:46:00,Facebook,Video,Sports,5540,375,632,73879,402,487579,1.34,9,Wednesday,15,353,Neutral,Macro,True,False,1,2024,6949,94.05920491614667,14.252049411479987,1.34,73879.0,5540.0,6949.0,True,macro
POST_00159,2024-01-04 10:49:00,Instagram,Story,Fitness,4399,125,33,21640,787,430456,1.06,10,Thursday,26,1064,Neutral,Macro,True,False,1,2024,5344,246.95009242144178,12.414741576374821,1.06,21640.0,4399.0,5344.0,True,macro
POST_02919,2024-01-04 12:44:00,Twitter,Thread,Fitness,2837,260,1505,47775,332,120825,3.81,12,Thursday,21,880,Neutral,Macro,True,True,1,2024,4934,103.27577184720042,40.83591971860128,3.81,47775.0,2837.0,4934.0,True,macro
POST_01750,2024-01-05 14:17:00,Instagram,Carousel,Fitness,1687,73,134,41648,732,117460,1.61,14,Friday,11,1798,Positive,Macro,True,False,1,2024,2626,63.05224740683826,22.356546909586243,1.61,41648.0,1687.0,2626.0,True,macro
POST_00013,2024-01-07 05:44:00,TikTok,Video,Fitness,37311,858,4513,439758,2823,458682,9.31,5,Sunday,22,598,Positive,Macro,True,False,1,2024,45505,103.4773670973581,99.20816600607829,9.31,439758.0,37311.0,45505.0,True,macro
POST_02620,2024-01-07 07:56:00,Twitter,Retweet,Fitness,4492,244,997,24696,383,135479,4.23,7,Sunday,1,311,Negative,Macro,True,True,1,2024,6116,247.65144152899254,45.14352777921302,4.23,24696.0,4492.0,6116.0,True,macro
POST_00255,2024-01-07 11:19:00,Instagram,Carousel,Health,9902,174,48,760,226,373732,2.71,11,Sunday,21,188,Negative,Macro,True,True,1,2024,10350,13618.421052631578,27.693641432898442,2.71,760.0,9902.0,10350.0,True,macro
POST_01115,2024-01-07 13:08:00,Facebook,Live,Health,6283,165,569,49857,522,352767,1.99,13,Sunday,10,523,Positive,Macro,True,True,1,2024,7539,151.21246765750047,21.371046611502777,1.99,49857.0,6283.0,7539.0,True,macro
POST_02131,2024-01-08 18:33:00,Instagram,Carousel,Health,6342,62,163,23890,486,44931,14.62,18,Monday,20,537,Positive,Micro,True,False,1,2024,7053,295.22812892423605,156.97402684115644,14.62,23890.0,6342.0,7053.0,True,micro
POST_04253,2024-01-08 21:37:00,Twitter,Poll,Health,4073,129,1122,96934,425,26858,19.82,21,Monday,26,1660,Negative,Micro,True,True,1,2024,5749,59.30839540305775,214.0516792017276,19.82,96934.0,4073.0,5749.0,True,micro
POST_04753,2024-01-09 11:48:00,LinkedIn,Post,Health,472,94,425,18259,112,277798,0.36,11,Tuesday,18,755,Positive,Macro,True,False,1,2024,1103,60.40856563886303,3.9705109468030724,0.36,18259.0,472.0,1103.0,True,macro
POST_03917,2024-01-09 16:37:00,LinkedIn,Poll,Health,794,7,127,14918,32,74896,1.24,16,Tuesday,20,1079,Neutral,Mid-tier,False,True,1,2024,960,64.35178978415337,12.81777397991882,1.24,14918.0,794.0,960.0,True,mid-tier
POST_00483,2024-01-09 18:55:00,Facebook,Video,Sports,4283,106,38,73605,646,497216,0.89,18,Tuesday,5,291,Positive,Macro,True,True,1,2024,5073,68.92194823721215,10.202809241858668,0.89,73605.0,4283.0,5073.0,True,macro
POST_02243,2024-01-10 05:26:00,Facebook,Live,Sports,478,266,811,76686,562,382495,0.41,5,Wednesday,22,490,Positive,Macro,True,False,1,2024,2117,27.606081944553114,5.534712872063687,0.41,76686.0,478.0,2117.0,True,macro
POST_01461,2024-01-10 10:00:00,Twitter,Thread,Fitness,4449,21,209,57922,448,351032,1.33,10,Wednesday,29,303,Neutral,Macro,True,False,1,2024,5127,88.5155899312869,14.605506050730417,1.33,57922.0,4449.0,5127.0,True,macro
POST_02303,2024-01-11 00:33:00,Facebook,Live,Sports,3204,107,380,57955,489,261013,1.41,0,Thursday,13,573,Positive,Macro,True,False,1,2024,4180,72.124924510396,16.014528012014726,1.41,57955.0,3204.0,4180.0,True,macro
POST_04612,2024-01-11 11:14:00,Instagram,Story,Health,2366,255,107,32084,535,892,305.83,11,Thursday,21,1100,Neutral,Nano,True,True,1,2024,3263,101.70178282009725,3658.0717488789237,167.99900000000105,32084.0,2366.0,3263.0,True,nano
POST_02056,2024-01-11 21:15:00,LinkedIn,Article,Sports,170,19,259,25386,143,333768,0.13,21,Thursday,13,931,Neutral,Macro,True,True,1,2024,591,23.280548333727253,1.7706910189113396,0.13,25386.0,170.0,591.0,True,macro
POST_00991,2024-01-12 08:41:00,TikTok,Video,Health,31852,1590,801,323063,616,86675,39.51,8,Friday,28,21,Positive,Mid-tier,True,False,1,2024,34859,107.90155480509993,402.1805595615806,39.51,323063.0,31852.0,34859.0,True,mid-tier
POST_04724,2024-01-12 12:53:00,Twitter,Poll,Health,2640,172,1471,29943,329,466337,0.92,12,Friday,16,1184,Neutral,Macro,False,False,1,2024,4612,154.02598270046423,9.889843610950878,0.92,29943.0,2640.0,4612.0,True,macro
POST_04101,2024-01-12 21:17:00,Facebook,Post,Sports,6260,5,169,6216,458,21174,30.39,21,Friday,4,1236,Positive,Micro,True,False,1,2024,6892,1108.7516087516087,325.493529800699,30.39,6216.0,6260.0,6892.0,True,micro
POST_01124,2024-01-13 00:33:00,TikTok,Stitch,Fitness,38874,81,4338,232603,1319,286335,15.12,0,Saturday,9,467,Positive,Macro,True,False,1,2024,44612,191.7946028211158,155.80351685962245,15.12,232603.0,38874.0,44612.0,True,macro
POST_01437,2024-01-13 07:02:00,Twitter,Thread,Health,2813,177,396,67504,147,475435,0.71,7,Saturday,16,554,Positive,Macro,True,False,1,2024,3533,52.337639251007346,7.431089423370176,0.71,67504.0,2813.0,3533.0,True,macro
POST_04128,2024-01-13 12:13:00,YouTube,Community Post,Health,4016,921,1195,677761,1270,471826,1.3,12,Saturday,13,1970,Negative,Macro,True,False,1,2024,7402,10.921253952351936,15.687986673053201,1.3,677761.0,4016.0,7402.0,True,macro
POST_00343,2024-01-13 18:18:00,Instagram,Reel,Fitness,1899,280,211,45999,436,351424,0.68,18,Saturday,7,205,Neutral,Macro,True,False,1,2024,2826,61.4361181764821,8.041568020397014,0.68,45999.0,1899.0,2826.0,True,macro
POST_03566,2024-01-14 05:41:00,LinkedIn,Poll,Sports,1545,120,12,2194,209,70581,2.38,5,Sunday,1,550,Positive,Mid-tier,True,False,1,2024,1886,859.6171376481313,26.721072243238265,2.38,2194.0,1545.0,1886.0,True,mid-tier
POST_04720,2024-01-14 09:07:00,YouTube,Video,Health,7987,542,791,398393,3449,223902,4.16,9,Sunday,10,160,Positive,Macro,True,False,1,2024,12769,32.051265960998315,57.02941465462569,4.16,398393.0,7987.0,12769.0,True,macro
POST_04115,2024-01-15 10:52:00,Facebook,Post,Sports,4674,114,267,12139,303,122533,4.13,10,Monday,7,1408,Positive,Macro,True,True,1,2024,5358,441.38726418980144,43.726995992916194,4.13,12139.0,4674.0,5358.0,True,macro
POST_01100,2024-01-17 08:35:00,Twitter,Poll,Sports,3399,215,947,53196,380,498316,0.92,8,Wednesday,7,1306,Positive,Macro,True,True,1,2024,4941,92.88292352808482,9.915395050530186,0.92,53196.0,3399.0,4941.0,True,macro
POST_04114,2024-01-17 13:01:00,Instagram,Reel,Health,412,142,210,40620,74,371799,0.21,13,Wednesday,21,99,Positive,Macro,True,True,1,2024,838,20.630231413096997,2.2539060083539764,0.21,40620.0,412.0,838.0,True,macro
POST_02435,2024-01-17 16:08:00,YouTube,Live,Health,19639,806,321,725703,2092,216772,9.58,16,Wednesday,24,34,Neutral,Macro,True,True,1,2024,22858,31.497733921452713,105.44719797759858,9.58,725703.0,19639.0,22858.0,True,macro
POST_04867,2024-01-17 19:59:00,Twitter,Poll,Fitness,26,207,1207,94651,187,216637,0.66,19,Wednesday,19,183,Positive,Macro,False,False,1,2024,1627,17.189464453624367,7.510259097014822,0.66,94651.0,26.0,1627.0,True,macro
POST_03576,2024-01-17 22:12:00,Twitter,Retweet,Fitness,3940,142,1944,37624,55,94953,6.35,22,Wednesday,7,1786,Neutral,Mid-tier,True,True,1,2024,6081,161.62555815436954,64.0422103567028,6.35,37624.0,3940.0,6081.0,True,mid-tier
POST_01760,2024-01-19 21:00:00,Facebook,Video,Sports,7957,303,613,33600,654,333889,2.66,21,Friday,21,408,Positive,Macro,True,False,1,2024,9527,283.5416666666667,28.533434764248,2.66,33600.0,7957.0,9527.0,True,macro
POST_01523,2024-01-20 12:50:00,Twitter,Retweet,Fitness,4251,281,83,43738,197,105394,4.38,12,Saturday,4,520,Neutral,Macro,True,False,1,2024,4812,110.01874799945128,45.657248040685424,4.38,43738.0,4251.0,4812.0,True,macro
POST_02948,2024-01-20 15:58:00,Facebook,Video,Sports,4917,86,380,16484,458,177685,3.03,15,Saturday,9,282,Neutral,Macro,True,False,1,2024,5841,354.34360592089297,32.872780482314205,3.03,16484.0,4917.0,5841.0,True,macro
POST_01783,2024-01-21 01:44:00,Facebook,Post,Sports,7406,273,937,20661,728,220994,3.9,1,Sunday,2,833,Neutral,Macro,True,False,1,2024,9344,452.25303712308215,42.28169090563544,3.9,20661.0,7406.0,9344.0,True,macro
POST_00634,2024-01-22 10:10:00,Facebook,Post,Health,4000,301,563,17282,533,223263,2.18,10,Monday,14,1175,Positive,Macro,False,False,1,2024,5397,312.29024418470084,24.173284422407654,2.18,17282.0,4000.0,5397.0,True,macro
POST_02276,2024-01-24 04:46:00,Facebook,Story,Health,2646,146,360,15128,399,239280,1.32,4,Wednesday,19,1801,Neutral,Macro,True,False,1,2024,3551,234.730301427816,14.840354396522901,1.32,15128.0,2646.0,3551.0,True,macro
POST_04375,2024-01-24 18:36:00,Facebook,Post,Sports,7706,42,138,7407,198,143074,5.51,18,Wednesday,27,1042,Positive,Macro,True,False,1,2024,8084,1091.400027001485,56.50222961544376,5.51,7407.0,7706.0,8084.0,True,macro
POST_02695,2024-01-26 15:57:00,YouTube,Community Post,Health,11912,44,699,370992,966,413785,3.06,15,Friday,28,564,Positive,Macro,True,False,1,2024,13621,36.71507741406823,32.91806131203403,3.06,370992.0,11912.0,13621.0,True,macro
POST_00852,2024-01-30 02:02:00,LinkedIn,Document,Fitness,933,23,105,25316,208,225511,0.47,2,Tuesday,25,1157,Positive,Macro,True,False,1,2024,1269,50.126402275240956,5.627219958228202,0.47,25316.0,933.0,1269.0,True,macro
POST_03367,2024-01-30 08:50:00,Twitter,Poll,Sports,427,134,1710,42573,480,42382,5.36,8,Tuesday,0,197,Positive,Micro,False,False,1,2024,2751,64.61842012543161,64.90963144731255,5.36,42573.0,427.0,2751.0,True,micro
POST_00260,2024-01-30 12:21:00,Instagram,Reel,Fitness,3768,498,25,39951,71,171219,2.51,12,Tuesday,10,524,Negative,Macro,True,True,1,2024,4362,109.18375009386499,25.47614458675731,2.51,39951.0,3768.0,4362.0,True,macro
POST_00309,2024-01-30 15:54:00,TikTok,Stitch,Fitness,17512,1627,1262,489469,642,134117,15.21,15,Tuesday,1,146,Neutral,Macro,True,True,1,2024,21043,42.99148669272211,156.90031837872903,15.21,489469.0,17512.0,21043.0,True,macro
POST_00410,2024-01-30 20:38:00,Instagram,Reel,Sports,8616,380,36,18276,38,13508,66.86,20,Tuesday,16,518,Neutral,Micro,True,False,1,2024,9070,496.2792733639746,671.4539532129108,66.86,18276.0,8616.0,9070.0,True,micro
POST_01262,2024-01-30 23:39:00,TikTok,Duet,Fitness,42835,1976,1787,442991,291,15540,299.86,23,Tuesday,0,507,Neutral,Micro,True,False,1,2024,46889,105.84639417053619,3017.3101673101673,167.99900000000105,442991.0,42835.0,46889.0,True,micro
POST_00277,2024-02-01 07:12:00,TikTok,Duet,Sports,14790,205,564,15956,873,19618,79.31,7,Thursday,8,359,Neutral,Micro,False,False,2,2024,16432,1029.8320381047881,837.5981241716792,79.31,15956.0,14790.0,16432.0,True,micro
POST_01298,2024-02-01 07:18:00,Instagram,Reel,Sports,2029,205,116,18802,710,451007,0.52,7,Thursday,20,97,Positive,Macro,True,False,2,2024,3060,162.748643761302,6.784817087096209,0.52,18802.0,2029.0,3060.0,True,macro
POST_00039,2024-02-02 10:25:00,LinkedIn,Article,Sports,1681,142,450,29763,86,197811,1.15,10,Friday,20,1208,Neutral,Macro,True,False,2,2024,2359,79.25948325101636,11.925524869698855,1.15,29763.0,1681.0,2359.0,True,macro
POST_02814,2024-02-04 01:36:00,Instagram,Carousel,Health,1362,333,260,22391,793,329817,0.59,1,Sunday,13,471,Negative,Macro,True,False,2,2024,2748,122.72788173819839,8.331893140741684,0.59,22391.0,1362.0,2748.0,True,macro
POST_02342,2024-02-04 06:29:00,Instagram,Carousel,Health,7333,154,7,49641,41,435804,1.72,6,Sunday,24,1696,Positive,Macro,True,False,2,2024,7535,151.78985113112145,17.289882607777805,1.72,49641.0,7333.0,7535.0,True,macro
POST_03407,2024-02-04 08:55:00,TikTok,Video,Health,932,1932,1041,146257,944,235097,1.66,8,Sunday,23,165,Positive,Macro,False,True,2,2024,4849,33.15396869893407,20.625529036950706,1.66,146257.0,932.0,4849.0,True,macro
POST_03681,2024-02-07 17:21:00,TikTok,Video,Fitness,20453,1334,627,338354,1842,268255,8.36,17,Wednesday,19,20,Positive,Macro,True,False,2,2024,24256,71.68823185184748,90.42142737320832,8.36,338354.0,20453.0,24256.0,True,macro
POST_00773,2024-02-07 20:12:00,Instagram,Carousel,Health,7480,402,135,30722,445,276016,2.9,20,Wednesday,17,236,Positive,Macro,True,False,2,2024,8462,275.4377970184233,30.657643035186368,2.9,30722.0,7480.0,8462.0,True,macro
POST_02693,2024-02-08 06:58:00,Instagram,Story,Sports,6678,81,122,19446,558,211923,3.25,6,Thursday,25,736,Positive,Macro,True,False,2,2024,7439,382.54653913401216,35.10237208797535,3.25,19446.0,6678.0,7439.0,True,macro
POST_04202,2024-02-09 03:24:00,Instagram,Reel,Fitness,473,240,25,45950,459,118148,0.62,3,Friday,26,319,Neutral,Macro,True,True,2,2024,1197,26.05005440696409,10.131360666282967,0.62,45950.0,473.0,1197.0,True,macro
POST_04539,2024-02-09 08:12:00,Instagram,Story,Fitness,2553,96,106,41898,507,261478,1.05,8,Friday,29,1847,Negative,Macro,True,False,2,2024,3262,77.85574490429137,12.475236922417947,1.05,41898.0,2553.0,3262.0,True,macro
POST_01812,2024-02-10 09:23:00,TikTok,Video,Sports,4189,122,2492,327453,2327,107869,6.31,9,Saturday,4,260,Positive,Macro,True,False,2,2024,9130,27.881863962156398,84.63970186059016,6.31,327453.0,4189.0,9130.0,True,macro
POST_02928,2024-02-10 12:42:00,YouTube,Video,Health,10970,646,482,553073,1401,439999,2.75,12,Saturday,12,400,Positive,Macro,True,False,2,2024,13499,24.40726631023391,30.679615180943593,2.75,553073.0,10970.0,13499.0,True,macro
POST_01489,2024-02-11 06:53:00,Twitter,Thread,Sports,1120,45,722,57869,322,329234,0.57,6,Sunday,23,310,Neutral,Macro,False,True,2,2024,2209,38.1724239229985,6.709513598231045,0.57,57869.0,1120.0,2209.0,True,macro
POST_03060,2024-02-11 11:23:00,YouTube,Community Post,Health,5388,522,979,74836,3442,136789,5.04,11,Sunday,22,1486,Positive,Macro,True,False,2,2024,10331,138.04853279170453,75.52507877095381,5.04,74836.0,5388.0,10331.0,True,macro
POST_00293,2024-02-12 11:34:00,TikTok,Video,Health,4586,392,4131,317141,918,122177,7.46,11,Monday,17,147,Neutral,Macro,True,True,2,2024,10027,31.616851810393484,82.06945660803588,7.46,317141.0,4586.0,10027.0,True,macro
POST_00666,2024-02-12 14:58:00,Instagram,Story,Sports,484,11,158,43498,692,51227,1.27,14,Monday,0,1762,Negative,Mid-tier,True,False,2,2024,1345,30.92096188330498,26.255685478361023,1.27,43498.0,484.0,1345.0,True,mid-tier
POST_02570,2024-02-12 19:47:00,YouTube,Live,Sports,9365,109,1164,557420,3412,185489,5.74,19,Monday,22,57,Positive,Macro,True,False,2,2024,14050,25.20541064188583,75.74573155281446,5.74,557420.0,9365.0,14050.0,True,macro
POST_00708,2024-02-14 13:23:00,TikTok,Video,Fitness,48498,1296,1549,113304,2609,274943,18.67,13,Wednesday,27,339,Positive,Macro,True,True,2,2024,53952,476.1703029019276,196.22976398744467,18.67,113304.0,47071.60000000001,52434.52000000001,True,macro
POST_04665,2024-02-14 19:09:00,TikTok,Video,Sports,11376,1399,793,203752,2168,194449,6.98,19,Wednesday,9,444,Neutral,Macro,True,False,2,2024,15736,77.23114374337429,80.9261040169916,6.98,203752.0,11376.0,15736.0,True,macro
POST_03865,2024-02-14 23:14:00,Instagram,Photo,Health,4364,60,243,40319,267,262252,1.78,23,Wednesday,11,1270,Positive,Macro,True,True,2,2024,4934,122.37406681713337,18.81396519378308,1.78,40319.0,4364.0,4934.0,True,macro
POST_00019,2024-02-14 23:29:00,Twitter,Poll,Fitness,3113,173,1632,88231,81,261947,1.88,23,Wednesday,28,569,Negative,Macro,False,False,2,2024,4999,56.6580906937471,19.084013178238344,1.88,88231.0,3113.0,4999.0,True,macro
POST_02705,2024-02-15 21:54:00,TikTok,Duet,Sports,44037,892,2319,480270,572,198836,23.76,21,Thursday,12,556,Positive,Macro,True,False,2,2024,47820,99.56899244175152,240.4997083023195,23.76,480270.0,44037.0,47820.0,True,macro
POST_00195,2024-02-15 22:27:00,Twitter,Poll,Health,3769,151,879,89406,437,261770,1.83,22,Thursday,21,1473,Negative,Macro,True,False,2,2024,5236,58.564302172113734,20.002292088474615,1.83,89406.0,3769.0,5236.0,True,macro
POST_03768,2024-02-16 15:55:00,Twitter,Poll,Fitness,2400,18,1452,9515,27,439716,0.88,15,Friday,22,511,Neutral,Macro,False,False,2,2024,3897,409.5638465580662,8.862538547608002,0.88,9515.0,2400.0,3897.0,True,macro
POST_00222,2024-02-17 07:30:00,Facebook,Video,Fitness,5780,145,85,57983,414,127495,4.71,7,Saturday,7,533,Positive,Macro,True,False,2,2024,6424,110.79109394132763,50.38628965841798,4.71,57983.0,5780.0,6424.0,True,macro
POST_03547,2024-02-18 17:04:00,Instagram,Reel,Health,1469,108,63,12328,830,459961,0.36,17,Sunday,16,430,Positive,Macro,True,False,2,2024,2470,200.35691109669045,5.370020501738191,0.36,12328.0,1469.0,2470.0,True,macro
POST_00775,2024-02-18 20:21:00,TikTok,Duet,Fitness,22312,1255,2281,390939,2689,489066,5.29,20,Sunday,1,48,Neutral,Macro,True,True,2,2024,28537,72.99604286090668,58.34999775081482,5.29,390939.0,22312.0,28537.0,True,macro
POST_03516,2024-02-19 20:18:00,YouTube,Short,Health,13388,681,990,942967,2031,4930,305.46,20,Monday,24,535,Positive,Nano,True,False,2,2024,17090,18.123645896409947,3466.531440162272,167.99900000000105,879754.8300000004,13388.0,17090.0,True,nano
POST_02471,2024-02-20 17:25:00,Instagram,Story,Fitness,8053,16,69,24990,338,27111,30.02,17,Tuesday,5,307,Positive,Micro,False,False,2,2024,8476,339.17567026810724,312.64062557633434,30.02,24990.0,8053.0,8476.0,True,micro
POST_00882,2024-02-21 09:31:00,LinkedIn,Document,Health,1236,5,179,22027,179,284627,0.5,9,Wednesday,4,340,Positive,Macro,True,False,2,2024,1599,72.59272710764063,5.617878837917696,0.5,22027.0,1236.0,1599.0,True,macro
POST_00538,2024-02-21 10:15:00,Instagram,Carousel,Health,4100,405,147,21162,830,419792,1.11,10,Wednesday,24,1863,Positive,Macro,True,False,2,2024,5482,259.04923920234387,13.058848191485307,1.11,21162.0,4100.0,5482.0,True,macro
POST_02464,2024-02-21 21:46:00,Facebook,Live,Sports,7327,247,357,59370,233,163730,4.84,21,Wednesday,3,364,Positive,Macro,False,True,2,2024,8164,137.51052720229072,49.86257863555854,4.84,59370.0,7327.0,8164.0,True,macro
POST_00586,2024-02-22 09:38:00,Instagram,Photo,Health,1544,161,295,36056,861,2150,93.02,9,Thursday,2,1551,Neutral,Nano,True,False,2,2024,2861,79.34879076991346,1330.6976744186047,93.02,36056.0,1544.0,2861.0,True,nano
POST_04110,2024-02-23 19:00:00,Facebook,Post,Health,2847,133,11,28275,760,317494,0.94,19,Friday,26,966,Neutral,Macro,True,False,2,2024,3751,132.66136162687886,11.814396492532143,0.94,28275.0,2847.0,3751.0,True,macro
POST_02351,2024-02-23 21:13:00,Facebook,Post,Health,4316,68,419,47694,754,85048,5.65,21,Friday,11,1173,Positive,Mid-tier,True,False,2,2024,5557,116.51360758166646,65.33957294704166,5.65,47694.0,4316.0,5557.0,True,mid-tier
POST_04523,2024-02-23 21:53:00,TikTok,Stitch,Health,33864,1921,1455,419809,2595,400549,9.3,21,Friday,1,461,Positive,Macro,True,True,2,2024,39835,94.88838972008699,99.4510034976994,9.3,419809.0,33864.0,39835.0,True,macro
POST_03274,2024-02-24 02:31:00,Facebook,Live,Health,5849,339,974,70307,542,362404,1.98,2,Saturday,28,132,Positive,Macro,True,False,2,2024,7704,109.57657132291237,21.25804350945354,1.98,70307.0,5849.0,7704.0,True,macro
POST_03760,2024-02-24 18:33:00,TikTok,Video,Sports,6931,13,3467,207192,2630,478084,2.18,18,Saturday,12,523,Positive,Macro,True,False,2,2024,13041,62.941619367543154,27.277633219266907,2.18,207192.0,6931.0,13041.0,True,macro
POST_00403,2024-02-25 06:33:00,Facebook,Video,Sports,4650,389,420,11202,794,446124,1.22,6,Sunday,24,433,Neutral,Macro,True,False,2,2024,6253,558.2038921621139,14.016282468551346,1.22,11202.0,4650.0,6253.0,True,macro
POST_02493,2024-02-25 07:39:00,TikTok,Duet,Sports,20850,1993,1143,122828,1019,248852,9.64,7,Sunday,13,297,Neutral,Macro,True,True,2,2024,25005,203.5773602110268,100.48141063764808,9.64,122828.0,20850.0,25005.0,True,macro
POST_00838,2024-02-26 03:33:00,Twitter,Tweet,Health,826,42,893,7820,325,209997,0.84,3,Monday,8,1369,Negative,Macro,True,False,2,2024,2086,266.7519181585678,9.933475240122478,0.84,7820.0,826.0,2086.0,True,macro
POST_02923,2024-02-26 20:41:00,TikTok,Duet,Fitness,42659,321,1281,117661,2277,424806,10.42,20,Monday,5,371,Positive,Macro,True,False,2,2024,46538,395.5261301535768,109.55118336370013,10.42,117661.0,42659.0,46538.0,True,macro
POST_03891,2024-02-27 17:03:00,TikTok,Duet,Health,44045,1364,699,127194,797,364792,12.64,17,Tuesday,29,490,Neutral,Macro,True,False,2,2024,46905,368.7673946884287,128.58012237110464,12.64,127194.0,44045.0,46905.0,True,macro
POST_00793,2024-02-28 02:42:00,Facebook,Story,Sports,5777,262,490,72227,12,49137,13.29,2,Wednesday,26,1293,Negative,Micro,True,False,2,2024,6541,90.5617013028369,133.11760994769725,13.29,72227.0,5777.0,6541.0,True,micro
POST_04263,2024-02-28 11:55:00,Twitter,Poll,Sports,4992,275,1781,47205,333,439521,1.6,11,Wednesday,8,1328,Neutral,Macro,True,True,2,2024,7381,156.36055502595065,16.793281777207458,1.6,47205.0,4992.0,7381.0,True,macro
POST_02884,2024-02-28 19:42:00,Instagram,Photo,Health,5180,460,219,17205,677,176265,3.32,19,Wednesday,6,1517,Positive,Macro,True,False,2,2024,6536,379.8895669863412,37.08053215329192,3.32,17205.0,5180.0,6536.0,True,macro
POST_03803,2024-03-02 15:17:00,TikTok,Video,Sports,38293,1879,3817,22021,214,156443,28.12,15,Saturday,20,156,Negative,Macro,True,False,3,2024,44203,2007.3112029426459,282.5501940003707,28.12,22021.0,38293.0,44203.0,True,macro
POST_02772,2024-03-03 02:13:00,Twitter,Tweet,Fitness,2879,53,269,82122,197,204015,1.57,2,Sunday,23,1418,Positive,Macro,True,True,3,2024,3398,41.3774627992499,16.65563806582849,1.57,82122.0,2879.0,3398.0,True,macro
POST_04252,2024-03-03 08:48:00,Instagram,Story,Health,2030,279,29,23930,822,164510,1.42,8,Sunday,1,135,Positive,Macro,False,True,3,2024,3160,132.05181780192225,19.20855875022795,1.42,23930.0,2030.0,3160.0,True,macro
POST_00558,2024-03-03 15:54:00,Instagram,Photo,Sports,6034,468,296,44331,372,118616,5.73,15,Sunday,25,450,Positive,Macro,True,False,3,2024,7170,161.73783582594572,60.447157213192156,5.73,44331.0,6034.0,7170.0,True,macro
POST_00251,2024-03-04 06:53:00,Twitter,Poll,Fitness,552,153,1130,26474,492,137662,1.33,6,Monday,17,1092,Positive,Macro,False,True,3,2024,2327,87.89755987006119,16.90372070723947,1.33,26474.0,552.0,2327.0,True,macro
POST_03710,2024-03-04 13:56:00,YouTube,Live,Health,7395,16,1896,680864,2808,257944,3.61,13,Monday,12,399,Positive,Macro,True,False,3,2024,12115,17.79356817220473,46.96755884998294,3.61,680864.0,7395.0,12115.0,True,macro
POST_00993,2024-03-04 21:07:00,Twitter,Poll,Sports,3720,73,356,69206,153,323666,1.28,21,Monday,4,1293,Positive,Macro,True,False,3,2024,4302,62.16224026818484,13.291479488114291,1.28,69206.0,3720.0,4302.0,True,macro
POST_02157,2024-03-06 08:14:00,Instagram,Reel,Sports,2423,329,239,14812,625,124791,2.4,8,Wednesday,9,117,Positive,Macro,True,False,3,2024,3616,244.12638401296246,28.976448622096143,2.4,14812.0,2423.0,3616.0,True,macro
POST_03627,2024-03-06 10:27:00,Instagram,Story,Health,4028,256,151,31813,199,15973,27.77,10,Wednesday,11,547,Positive,Micro,True,False,3,2024,4634,145.66372237764435,290.11456833406373,27.77,31813.0,4028.0,4634.0,True,micro
POST_03356,2024-03-06 20:13:00,Instagram,Story,Fitness,9505,294,288,36015,404,483998,2.08,20,Wednesday,5,1927,Positive,Macro,True,False,3,2024,10491,291.29529362765516,21.675709403757864,2.08,36015.0,9505.0,10491.0,True,macro
POST_04382,2024-03-06 22:58:00,Instagram,Carousel,Sports,2504,55,176,4308,270,217131,1.26,22,Wednesday,20,1242,Neutral,Macro,True,False,3,2024,3005,697.539461467038,13.839571502917593,1.26,4308.0,2504.0,3005.0,True,macro
POST_01766,2024-03-07 01:19:00,Twitter,Retweet,Sports,4050,131,153,14105,213,115119,3.76,1,Thursday,19,1855,Neutral,Macro,True,False,3,2024,4547,322.3679546260191,39.498258323995174,3.76,14105.0,4050.0,4547.0,True,macro
POST_03077,2024-03-08 06:57:00,YouTube,Community Post,Sports,14425,169,1064,584667,1572,425837,3.68,6,Friday,16,633,Negative,Macro,True,False,3,2024,17230,29.469766550874258,40.46149113393153,3.68,584667.0,14425.0,17230.0,True,macro
POST_01047,2024-03-09 03:38:00,Instagram,Reel,Sports,6149,451,182,13512,478,94261,7.19,3,Saturday,25,208,Neutral,Mid-tier,False,False,3,2024,7260,537.3001776198935,77.02018862520025,7.19,13512.0,6149.0,7260.0,True,mid-tier
POST_04093,2024-03-10 02:35:00,Facebook,Video,Fitness,7110,200,280,1995,791,457798,1.66,2,Sunday,1,72,Neutral,Macro,True,False,3,2024,8381,4201.002506265664,18.307200992577513,1.66,1995.0,7110.0,8381.0,True,macro
POST_02665,2024-03-10 09:19:00,Facebook,Video,Health,6435,163,66,31062,430,246642,2.7,9,Sunday,10,155,Positive,Macro,True,False,3,2024,7094,228.38194578584768,28.762335693028763,2.7,31062.0,6435.0,7094.0,True,macro
POST_02108,2024-03-11 07:24:00,YouTube,Community Post,Fitness,18190,655,1033,31579,260,38439,51.71,7,Monday,25,1888,Positive,Micro,True,False,3,2024,20138,637.7022704962159,523.8950024714483,51.71,31579.0,18190.0,20138.0,True,micro
POST_04053,2024-03-11 12:57:00,TikTok,Video,Health,30687,632,3844,343655,347,437567,8.04,12,Monday,3,508,Positive,Macro,True,False,3,2024,35510,103.33037493998341,81.15328623959302,8.04,343655.0,30687.0,35510.0,True,macro
POST_01027,2024-03-11 15:02:00,TikTok,Video,Sports,36253,1970,1985,37556,2477,206296,19.49,15,Monday,21,394,Positive,Macro,True,False,3,2024,42685,1136.5693897113645,206.91142823903516,19.49,37556.0,36253.0,42685.0,True,macro
POST_00075,2024-03-11 17:49:00,LinkedIn,Article,Sports,741,80,42,2025,259,145344,0.59,17,Monday,20,772,Positive,Macro,True,True,3,2024,1122,554.074074074074,7.7196169088507265,0.59,2025.0,741.0,1122.0,True,macro
POST_04993,2024-03-12 15:06:00,Twitter,Tweet,Sports,4562,120,1743,66546,253,117537,5.47,15,Tuesday,14,1459,Positive,Macro,True,False,3,2024,6678,100.35163646199621,56.81615150973736,5.47,66546.0,4562.0,6678.0,True,macro
POST_02918,2024-03-12 17:14:00,TikTok,Video,Sports,3637,294,741,480521,999,224976,2.08,17,Tuesday,14,244,Neutral,Macro,True,False,3,2024,5671,11.801773491689229,25.20713320531968,2.08,480521.0,3637.0,5671.0,True,macro
POST_04967,2024-03-15 06:42:00,YouTube,Short,Fitness,17169,638,1619,940035,1506,454197,4.28,6,Friday,28,555,Positive,Macro,False,True,3,2024,20932,22.267256006425292,46.08572932009679,4.28,879754.8300000004,17169.0,20932.0,True,macro
POST_04801,2024-03-15 07:24:00,Instagram,Reel,Sports,9305,473,180,47220,968,383117,2.6,7,Friday,24,281,Neutral,Macro,True,False,3,2024,10926,231.38500635324016,28.518703163785474,2.6,47220.0,9305.0,10926.0,True,macro
POST_04478,2024-03-17 11:53:00,Twitter,Tweet,Fitness,4480,182,738,45001,153,41269,13.08,11,Sunday,18,371,Neutral,Micro,True,True,3,2024,5553,123.3972578387147,134.55620441493616,13.08,45001.0,4480.0,5553.0,True,micro
POST_00503,2024-03-18 04:48:00,Twitter,Thread,Fitness,53,285,1846,34902,98,13761,15.87,4,Monday,29,1006,Negative,Micro,True,True,3,2024,2282,65.38307260328921,165.83097158636727,15.87,34902.0,53.0,2282.0,True,micro
POST_01163,2024-03-18 10:38:00,Twitter,Tweet,Sports,3657,176,104,17285,267,263289,1.5,10,Monday,19,909,Positive,Macro,True,False,3,2024,4204,243.2166618455308,15.967245118481973,1.5,17285.0,3657.0,4204.0,True,macro
POST_03279,2024-03-19 21:48:00,Twitter,Retweet,Sports,3351,277,217,35754,477,385906,1.0,21,Tuesday,11,1443,Positive,Macro,True,False,3,2024,4322,120.88157968339206,11.199618559960198,1.0,35754.0,3351.0,4322.0,True,macro
POST_04735,2024-03-20 22:29:00,Twitter,Thread,Health,1674,259,1560,23134,355,356945,0.98,22,Wednesday,18,559,Positive,Macro,True,True,3,2024,3848,166.33526411342612,10.780372326268754,0.98,23134.0,1674.0,3848.0,True,macro
POST_04712,2024-03-21 07:04:00,Facebook,Story,Sports,737,50,895,18289,116,357917,0.47,7,Thursday,10,1665,Positive,Macro,True,False,3,2024,1798,98.31045983924763,5.023511037475169,0.47,18289.0,737.0,1798.0,True,macro
POST_01632,2024-03-21 12:57:00,Twitter,Retweet,Health,4547,197,1752,46564,451,200410,3.24,12,Thursday,6,795,Positive,Macro,True,False,3,2024,6947,149.19250923460183,34.66393892520333,3.24,46564.0,4547.0,6947.0,True,macro
POST_00783,2024-03-21 13:38:00,Twitter,Tweet,Health,3659,81,1334,68641,22,57701,8.79,13,Thursday,2,1971,Neutral,Mid-tier,True,True,3,2024,5096,74.24134263778208,88.31736018439888,8.79,68641.0,3659.0,5096.0,True,mid-tier
POST_01160,2024-03-21 16:47:00,Instagram,Photo,Fitness,4675,192,258,1153,145,370313,1.38,16,Thursday,9,1025,Negative,Macro,True,False,3,2024,5270,4570.6851691240245,14.231204413563662,1.38,1153.0,4675.0,5270.0,True,macro
POST_04905,2024-03-21 18:24:00,YouTube,Short,Health,11551,159,947,177968,2047,161932,7.82,18,Thursday,9,567,Positive,Macro,True,True,3,2024,14704,82.62159489346399,90.80354716794704,7.82,177968.0,11551.0,14704.0,True,macro
POST_02211,2024-03-21 21:42:00,TikTok,Duet,Health,31451,1311,1089,215087,2719,47037,71.97,21,Thursday,7,156,Positive,Micro,True,True,3,2024,36570,170.024222756373,777.4730531283883,71.97,215087.0,31451.0,36570.0,True,micro
POST_04150,2024-03-22 01:08:00,TikTok,Stitch,Sports,36594,688,1303,166424,791,40992,94.13,1,Friday,9,446,Positive,Micro,True,False,3,2024,39376,236.60049031389704,960.5776736924278,94.13,166424.0,36594.0,39376.0,True,micro
POST_04461,2024-03-22 02:46:00,Twitter,Retweet,Fitness,2720,77,162,95292,326,6987,42.35,2,Friday,21,1004,Negative,Nano,True,False,3,2024,3285,34.472988288628635,470.15886646629457,42.35,95292.0,2720.0,3285.0,True,nano
POST_04823,2024-03-24 09:55:00,Twitter,Poll,Fitness,2524,143,1634,87679,257,258461,1.66,9,Sunday,15,1953,Positive,Macro,True,True,3,2024,4558,51.98508194664629,17.63515578752694,1.66,87679.0,2524.0,4558.0,True,macro
POST_04278,2024-03-24 11:27:00,Twitter,Poll,Fitness,2207,68,1019,49951,22,190604,1.73,11,Sunday,18,997,Positive,Macro,False,False,3,2024,3316,66.38505735620909,17.397326393989633,1.73,49951.0,2207.0,3316.0,True,macro
POST_00273,2024-03-24 15:01:00,TikTok,Video,Sports,25462,748,969,452812,571,489062,5.56,15,Sunday,17,35,Positive,Macro,True,False,3,2024,27750,61.283711562414425,56.741272067754196,5.56,452812.0,25462.0,27750.0,True,macro
POST_01173,2024-03-25 08:09:00,Facebook,Post,Health,3671,151,409,6050,76,485841,0.87,8,Monday,9,353,Positive,Macro,True,False,3,2024,4307,711.9008264462809,8.865040208627924,0.87,6050.0,3671.0,4307.0,True,macro
POST_00723,2024-03-26 05:17:00,Instagram,Photo,Sports,6311,13,87,6586,249,88877,7.21,5,Tuesday,23,1421,Positive,Mid-tier,True,False,3,2024,6660,1011.2359550561798,74.93502255926731,7.21,6586.0,6311.0,6660.0,True,mid-tier
POST_00608,2024-03-27 01:09:00,Twitter,Retweet,Sports,689,207,314,52798,271,362381,0.33,1,Wednesday,26,828,Positive,Macro,True,False,3,2024,1481,28.050304935793022,4.086858858494237,0.33,52798.0,689.0,1481.0,True,macro
POST_03429,2024-03-27 13:23:00,TikTok,Stitch,Health,10104,1622,4446,460216,297,418587,3.86,13,Wednesday,5,545,Positive,Macro,True,False,3,2024,16469,35.78537034783667,39.34427012783483,3.86,460216.0,10104.0,16469.0,True,macro
POST_02932,2024-03-27 20:28:00,LinkedIn,Article,Sports,259,80,285,25273,224,153491,0.41,20,Wednesday,13,586,Positive,Macro,True,True,3,2024,848,33.553594745380444,5.524753894365142,0.41,25273.0,259.0,848.0,True,macro
POST_00579,2024-03-28 02:27:00,Facebook,Story,Sports,2893,343,559,30227,188,476833,0.8,2,Thursday,29,156,Neutral,Macro,False,False,3,2024,3983,131.76960995136798,8.35302925762269,0.8,30227.0,2893.0,3983.0,True,macro
POST_01229,2024-03-28 03:49:00,YouTube,Short,Sports,17810,395,1148,460099,20,71458,27.08,3,Thursday,0,380,Negative,Mid-tier,False,False,3,2024,19373,42.106155414378215,271.1103025553472,27.08,460099.0,17810.0,19373.0,True,mid-tier
POST_00351,2024-03-28 07:07:00,Facebook,Live,Health,3122,221,597,11328,550,465020,0.85,7,Thursday,24,545,Negative,Macro,True,True,3,2024,4490,396.3629943502825,9.655498688228464,0.85,11328.0,3122.0,4490.0,True,macro
POST_00752,2024-03-28 16:23:00,YouTube,Video,Sports,11690,842,163,875113,590,304988,4.16,16,Thursday,14,567,Positive,Macro,False,True,3,2024,13285,15.180896638491257,43.55909084947605,4.16,875113.0,11690.0,13285.0,True,macro
POST_01609,2024-03-30 09:52:00,Instagram,Reel,Fitness,511,346,118,39053,373,148121,0.66,9,Saturday,28,483,Neutral,Macro,False,False,3,2024,1348,34.51719458172227,9.100667697355542,0.66,39053.0,511.0,1348.0,True,macro
POST_03134,2024-03-30 16:25:00,Facebook,Story,Health,4787,69,709,12160,538,176550,3.15,16,Saturday,21,1145,Positive,Macro,True,False,3,2024,6103,501.89144736842104,34.568111016709146,3.15,12160.0,4787.0,6103.0,True,macro
POST_00398,2024-03-31 10:16:00,Twitter,Retweet,Sports,653,168,1022,26968,49,310380,0.59,10,Sunday,17,1354,Positive,Macro,True,False,3,2024,1892,70.15722337585287,6.0957535923706425,0.59,26968.0,653.0,1892.0,True,macro
POST_01576,2024-03-31 22:42:00,Instagram,Carousel,Sports,4163,107,71,24682,660,34828,12.46,22,Sunday,4,1333,Positive,Micro,True,True,3,2024,5001,202.61729195365044,143.59136327093145,12.46,24682.0,4163.0,5001.0,True,micro
POST_04227,2024-04-01 03:40:00,Twitter,Retweet,Sports,3032,138,1938,53762,141,139845,3.65,3,Monday,27,151,Positive,Macro,True,False,4,2024,5249,97.63401659164465,37.5344131002181,3.65,53762.0,3032.0,5249.0,True,macro
POST_01669,2024-04-01 06:28:00,Instagram,Story,Sports,5426,47,243,2077,104,332368,1.72,6,Monday,4,1602,Positive,Macro,True,True,4,2024,5820,2802.118440057776,17.510711019111348,1.72,2077.0,5426.0,5820.0,True,macro
POST_03475,2024-04-01 10:45:00,TikTok,Video,Health,17244,783,1572,28115,1007,17755,110.39,10,Monday,16,71,Neutral,Micro,False,False,4,2024,20606,732.9183709763472,1160.5744860602647,110.39,28115.0,17244.0,20606.0,True,micro
POST_02924,2024-04-02 11:34:00,Instagram,Photo,Health,5987,51,280,30931,739,37309,16.93,11,Tuesday,19,401,Negative,Micro,True,False,4,2024,7057,228.15298567779897,189.15007102843816,16.93,30931.0,5987.0,7057.0,True,micro
POST_00384,2024-04-03 07:43:00,TikTok,Video,Health,38849,1991,767,313697,850,232446,17.9,7,Wednesday,26,76,Positive,Macro,True,False,4,2024,42457,135.34397842504072,182.65317536115916,17.9,313697.0,38849.0,42457.0,True,macro
POST_01862,2024-04-03 19:39:00,LinkedIn,Poll,Health,1634,109,292,19039,44,470866,0.43,19,Wednesday,6,1096,Positive,Macro,False,False,4,2024,2079,109.19691160250012,4.4152688875391295,0.43,19039.0,1634.0,2079.0,True,macro
POST_01958,2024-04-04 11:14:00,Twitter,Retweet,Fitness,3602,143,1613,43589,73,112446,4.76,11,Thursday,26,751,Positive,Macro,False,False,4,2024,5431,124.59565486705361,48.298738950251675,4.76,43589.0,3602.0,5431.0,True,macro
POST_04944,2024-04-04 11:45:00,Twitter,Retweet,Sports,4074,294,1618,49343,460,282035,2.12,11,Thursday,13,769,Neutral,Macro,True,False,4,2024,6446,130.6365644569645,22.855319375254844,2.12,49343.0,4074.0,6446.0,True,macro
POST_00007,2024-04-05 06:14:00,Instagram,Photo,Health,157,76,109,29992,407,480704,0.07,6,Friday,6,156,Positive,Macro,True,True,4,2024,749,24.973326220325422,1.5581314072693384,0.07,29992.0,157.0,749.0,True,macro
POST_03496,2024-04-05 06:55:00,Instagram,Carousel,Fitness,3658,68,238,47894,814,232457,1.71,6,Friday,16,1976,Positive,Macro,True,True,4,2024,4778,99.76197436004509,20.554339082066793,1.71,47894.0,3658.0,4778.0,True,macro
POST_00219,2024-04-05 07:43:00,Facebook,Video,Sports,2016,312,30,30964,483,375602,0.63,7,Friday,11,304,Positive,Macro,True,False,4,2024,2841,91.75171166515953,7.5638574874468185,0.63,30964.0,2016.0,2841.0,True,macro
POST_01333,2024-04-05 12:32:00,Instagram,Reel,Fitness,1747,132,256,11180,878,340852,0.63,12,Friday,25,31,Neutral,Macro,True,False,4,2024,3013,269.49910554561717,8.839613673969934,0.63,11180.0,1747.0,3013.0,True,macro
POST_02200,2024-04-05 12:43:00,Twitter,Poll,Health,1604,24,578,80114,333,190416,1.16,12,Friday,18,291,Positive,Macro,True,True,4,2024,2539,31.692338417754698,13.333963532476261,1.16,80114.0,1604.0,2539.0,True,macro
POST_01337,2024-04-05 23:29:00,Instagram,Reel,Fitness,7710,138,240,20420,589,86087,9.4,23,Friday,0,360,Negative,Mid-tier,True,False,4,2024,8677,424.92654260528894,100.79338343768514,9.4,20420.0,7710.0,8677.0,True,mid-tier
POST_02442,2024-04-06 01:29:00,Facebook,Video,Sports,5693,211,648,45449,40,80866,8.1,1,Saturday,26,265,Positive,Mid-tier,True,False,4,2024,6592,145.0416950868006,81.51757228006825,8.1,45449.0,5693.0,6592.0,True,mid-tier
POST_03550,2024-04-06 14:42:00,Facebook,Live,Fitness,3085,383,16,11122,39,26854,12.97,14,Saturday,4,31,Positive,Micro,True,False,4,2024,3523,316.7595756158964,131.19088403962164,12.97,11122.0,3085.0,3523.0,True,micro
POST_00681,2024-04-06 17:43:00,TikTok,Stitch,Fitness,27295,1327,199,71332,1517,278487,10.35,17,Saturday,16,385,Positive,Macro,True,False,4,2024,30338,425.3070150843941,108.9386578188569,10.35,71332.0,27295.0,30338.0,True,macro
POST_01842,2024-04-07 13:42:00,Twitter,Thread,Fitness,3466,86,1904,41950,387,473533,1.15,13,Sunday,3,178,Positive,Macro,True,False,4,2024,5843,139.28486293206197,12.339161156667013,1.15,41950.0,3466.0,5843.0,True,macro
POST_03462,2024-04-07 17:03:00,Instagram,Photo,Fitness,1948,124,134,2927,611,458021,0.48,17,Sunday,22,591,Positive,Macro,True,True,4,2024,2817,962.4188588998975,6.15037301783106,0.48,2927.0,1948.0,2817.0,True,macro
POST_01605,2024-04-08 01:25:00,Instagram,Reel,Fitness,8692,390,57,29912,666,496986,1.84,1,Monday,7,211,Positive,Macro,True,False,4,2024,9805,327.794864937149,19.72892596572137,1.84,29912.0,8692.0,9805.0,True,macro
POST_03893,2024-04-08 19:48:00,LinkedIn,Article,Health,1616,55,474,5289,26,35658,6.02,19,Monday,9,405,Negative,Micro,True,False,4,2024,2171,410.47456986197767,60.88395311010152,6.02,5289.0,1616.0,2171.0,True,micro
POST_04777,2024-04-09 00:09:00,Instagram,Story,Sports,1936,315,10,18488,549,111940,2.02,0,Tuesday,5,353,Positive,Macro,True,False,4,2024,2810,151.99048031155343,25.10273360728962,2.02,18488.0,1936.0,2810.0,True,macro
POST_03875,2024-04-09 00:30:00,Instagram,Photo,Sports,2563,293,119,49493,101,215721,1.38,0,Tuesday,13,242,Positive,Macro,True,False,4,2024,3076,62.150203059018445,14.259158820884382,1.38,49493.0,2563.0,3076.0,True,macro
POST_00871,2024-04-09 01:18:00,Twitter,Thread,Health,773,197,1013,28299,180,50856,3.9,1,Tuesday,8,277,Neutral,Mid-tier,True,True,4,2024,2163,76.43379624721722,42.53185464841906,3.9,28299.0,773.0,2163.0,True,mid-tier
POST_04233,2024-04-09 02:49:00,Twitter,Retweet,Sports,1941,295,649,5433,296,338197,0.85,2,Tuesday,14,70,Positive,Macro,True,False,4,2024,3181,585.4960427020063,9.405760547846373,0.85,5433.0,1941.0,3181.0,True,macro
POST_00521,2024-04-09 07:56:00,Facebook,Post,Fitness,4024,125,599,38846,501,291790,1.63,7,Tuesday,26,1035,Positive,Macro,True,False,4,2024,5249,135.12330741903926,17.98896466636965,1.63,38846.0,4024.0,5249.0,True,macro
POST_02737,2024-04-09 14:19:00,YouTube,Live,Sports,18416,595,203,9164,4478,219517,8.75,14,Tuesday,1,412,Negative,Macro,False,False,4,2024,23692,2585.333915320821,107.92785980129102,8.75,9164.0,18416.0,23692.0,True,macro
POST_02021,2024-04-10 06:46:00,YouTube,Live,Fitness,8233,809,1424,837103,3927,399302,2.62,6,Wednesday,5,379,Positive,Macro,True,False,4,2024,14393,17.19382202668011,36.045399221641766,2.62,837103.0,8233.0,14393.0,True,macro
POST_04865,2024-04-11 02:51:00,Twitter,Thread,Fitness,835,64,1481,39380,138,62588,3.8,2,Thursday,25,1306,Positive,Mid-tier,True,False,4,2024,2518,63.941086846114786,40.23135425321148,3.8,39380.0,835.0,2518.0,True,mid-tier
POST_03645,2024-04-11 04:41:00,TikTok,Duet,Fitness,5592,453,1691,163564,1863,499675,1.55,4,Thursday,18,568,Positive,Macro,True,True,4,2024,9599,58.68650803355262,19.210486816430677,1.55,163564.0,5592.0,9599.0,True,macro
POST_03773,2024-04-11 17:10:00,Twitter,Tweet,Sports,107,107,919,71949,99,15931,7.11,17,Thursday,14,1315,Positive,Micro,True,False,4,2024,1232,17.123240072829365,77.33350072186305,7.11,71949.0,107.0,1232.0,True,micro
POST_01347,2024-04-11 20:50:00,Twitter,Retweet,Health,1124,252,567,53508,373,26967,7.21,20,Thursday,27,1589,Neutral,Micro,True,False,4,2024,2316,43.28324736488002,85.88274557792857,7.21,53508.0,1124.0,2316.0,True,micro
POST_01811,2024-04-12 05:55:00,LinkedIn,Document,Sports,1196,39,186,13894,199,438463,0.32,5,Friday,27,1451,Positive,Macro,True,False,4,2024,1620,116.59709227004463,3.694724526356842,0.32,13894.0,1196.0,1620.0,True,macro
POST_00457,2024-04-12 14:10:00,Instagram,Story,Fitness,9526,67,165,12084,855,248709,3.92,14,Friday,26,1230,Neutral,Macro,True,False,4,2024,10613,878.2687851704734,42.67236006738799,3.92,12084.0,9526.0,10613.0,True,macro
POST_01790,2024-04-13 21:33:00,Facebook,Story,Fitness,7996,213,957,49847,65,135461,6.77,21,Saturday,9,320,Positive,Macro,True,True,4,2024,9231,185.18667121391456,68.14507496622645,6.77,49847.0,7996.0,9231.0,True,macro
POST_01706,2024-04-14 00:32:00,Instagram,Carousel,Sports,4144,367,110,10024,61,6118,75.53,0,Sunday,19,677,Negative,Nano,False,False,4,2024,4682,467.07901037509976,765.2827721477607,75.53,10024.0,4144.0,4682.0,True,nano
POST_02718,2024-04-14 06:34:00,YouTube,Short,Sports,18276,105,336,654638,3246,335758,5.57,6,Sunday,15,453,Negative,Macro,False,True,4,2024,21963,33.54983975876744,65.41318449597627,5.57,654638.0,18276.0,21963.0,True,macro
POST_04134,2024-04-14 22:34:00,Facebook,Live,Fitness,1290,89,612,61654,296,202012,0.99,22,Sunday,21,90,Negative,Macro,True,False,4,2024,2287,37.09410581632984,11.321109637051263,0.99,61654.0,1290.0,2287.0,True,macro
POST_01308,2024-04-14 23:53:00,TikTok,Duet,Fitness,30956,776,1007,174695,1253,304110,10.77,23,Sunday,19,51,Neutral,Macro,True,True,4,2024,33992,194.57912361544405,111.77534444773272,10.77,174695.0,30956.0,33992.0,True,macro
POST_02280,2024-04-15 03:04:00,Instagram,Story,Sports,4871,202,8,27009,20,24438,20.79,3,Monday,15,1979,Neutral,Micro,False,False,4,2024,5101,188.86297160205856,208.73230215238564,20.79,27009.0,4871.0,5101.0,True,micro
POST_04866,2024-04-16 02:41:00,Facebook,Live,Health,3543,309,784,78334,133,323254,1.43,2,Tuesday,7,128,Positive,Macro,True,False,4,2024,4769,60.88033293333674,14.75310436993819,1.43,78334.0,3543.0,4769.0,True,macro
POST_02997,2024-04-16 23:03:00,Instagram,Carousel,Sports,8018,425,180,44956,550,356918,2.42,23,Tuesday,6,348,Positive,Macro,True,False,4,2024,9173,204.04395408844204,25.700581085851653,2.42,44956.0,8018.0,9173.0,True,macro
POST_03255,2024-04-17 12:28:00,Twitter,Thread,Sports,3929,201,1363,13268,97,449869,1.22,12,Wednesday,28,1337,Neutral,Macro,True,False,4,2024,5590,421.31444075972263,12.42583952217201,1.22,13268.0,3929.0,5590.0,True,macro
POST_01876,2024-04-18 01:57:00,Facebook,Live,Sports,783,237,692,50674,550,367770,0.47,1,Thursday,11,160,Positive,Macro,True,True,4,2024,2262,44.638276038994356,6.150583244962885,0.47,50674.0,783.0,2262.0,True,macro
POST_02955,2024-04-18 03:31:00,YouTube,Community Post,Sports,16307,455,608,673153,1936,460045,3.78,3,Thursday,3,303,Positive,Macro,True,False,4,2024,19306,28.6799583452796,41.96545990066189,3.78,673153.0,16307.0,19306.0,True,macro
POST_00972,2024-04-19 10:18:00,YouTube,Video,Fitness,3942,161,160,604832,3269,418122,1.02,10,Friday,0,214,Positive,Macro,True,False,4,2024,7532,12.453044812443785,18.013881116037904,1.02,604832.0,3942.0,7532.0,True,macro
POST_02769,2024-04-21 21:52:00,Facebook,Video,Fitness,5155,32,451,43780,392,165850,3.4,21,Sunday,10,248,Neutral,Macro,False,True,4,2024,6030,137.7341251713111,36.35815495930057,3.4,43780.0,5155.0,6030.0,True,macro
POST_04698,2024-04-22 01:58:00,Facebook,Video,Fitness,890,209,152,51975,556,203580,0.61,1,Monday,19,583,Neutral,Macro,True,False,4,2024,1807,34.76671476671476,8.876117496807153,0.61,51975.0,890.0,1807.0,True,macro
POST_00741,2024-04-23 09:15:00,Facebook,Video,Sports,7832,218,294,58588,559,19483,42.83,9,Tuesday,20,399,Positive,Micro,True,True,4,2024,8903,151.95944562026352,456.9624801108659,42.83,58588.0,7832.0,8903.0,True,micro
POST_02496,2024-04-23 09:28:00,Facebook,Video,Sports,7968,362,9,4637,371,126503,6.59,9,Tuesday,19,421,Neutral,Macro,True,True,4,2024,8710,1878.3696355402199,68.85212208406125,6.59,4637.0,7968.0,8710.0,True,macro
POST_04308,2024-04-24 02:21:00,Facebook,Live,Health,1374,284,142,54402,77,92131,1.95,2,Wednesday,26,299,Positive,Mid-tier,False,True,4,2024,1877,34.502407999705895,20.37316429866169,1.95,54402.0,1374.0,1877.0,True,mid-tier
POST_01044,2024-04-25 01:51:00,Facebook,Live,Health,7520,86,974,69587,793,416380,2.06,1,Thursday,5,228,Positive,Macro,True,False,4,2024,9373,134.69469872246253,22.510687352898795,2.06,69587.0,7520.0,9373.0,True,macro
POST_01392,2024-04-25 07:31:00,Instagram,Photo,Fitness,3241,65,27,15462,484,323955,1.03,7,Thursday,8,1071,Positive,Macro,True,False,4,2024,3817,246.8632777131031,11.782500655955301,1.03,15462.0,3241.0,3817.0,True,macro
POST_02352,2024-04-25 07:40:00,YouTube,Video,Health,16123,504,1895,973512,3686,171649,10.79,7,Thursday,11,232,Neutral,Macro,True,False,4,2024,22208,22.812250901889243,129.38030515761818,10.79,879754.8300000004,16123.0,22208.0,True,macro
POST_04482,2024-04-25 10:58:00,Facebook,Post,Fitness,6756,264,753,46674,470,222864,3.49,10,Thursday,26,760,Positive,Macro,True,False,4,2024,8243,176.60796160603334,36.98668246105248,3.49,46674.0,6756.0,8243.0,True,macro
POST_02816,2024-04-25 18:30:00,TikTok,Duet,Fitness,1097,829,2339,106511,648,162498,2.62,18,Thursday,24,595,Neutral,Macro,False,True,4,2024,4913,46.12669113988226,30.23421826730175,2.62,106511.0,1097.0,4913.0,True,macro
POST_03361,2024-04-26 04:12:00,TikTok,Duet,Health,20522,1060,4042,46104,2684,361187,7.09,4,Friday,5,590,Positive,Macro,False,False,4,2024,28308,614.0031233732432,78.37491382580215,7.09,46104.0,20522.0,28308.0,True,macro
POST_01274,2024-04-26 11:22:00,Instagram,Reel,Health,4810,354,188,14896,806,372402,1.44,11,Friday,9,307,Positive,Macro,True,False,4,2024,6158,413.3995703544576,16.535894007013926,1.44,14896.0,4810.0,6158.0,True,macro
POST_01968,2024-04-26 12:16:00,Twitter,Poll,Health,2588,186,811,46702,114,122203,2.93,12,Friday,24,1981,Positive,Macro,True,False,4,2024,3699,79.20431673161748,30.26930599085129,2.93,46702.0,2588.0,3699.0,True,macro
POST_03200,2024-04-26 13:29:00,Twitter,Retweet,Fitness,1040,78,1567,40767,159,201852,1.33,13,Friday,3,1220,Neutral,Macro,True,False,4,2024,2844,69.76230774891457,14.089530943463528,1.33,40767.0,1040.0,2844.0,True,macro
POST_00284,2024-04-27 05:19:00,Instagram,Story,Sports,208,448,126,38497,558,99566,0.79,5,Saturday,13,403,Neutral,Mid-tier,False,True,4,2024,1340,34.80790710964491,13.458409497217925,0.79,38497.0,208.0,1340.0,True,mid-tier
POST_02016,2024-04-27 05:42:00,Twitter,Tweet,Sports,1598,169,196,82583,421,131512,1.49,5,Saturday,6,957,Positive,Macro,True,False,4,2024,2384,28.86792681302447,18.12762333475272,1.49,82583.0,1598.0,2384.0,True,macro
POST_00058,2024-04-27 21:56:00,Instagram,Carousel,Fitness,612,182,140,3499,848,388323,0.24,21,Saturday,3,53,Negative,Macro,True,False,4,2024,1782,509.2883681051729,4.588963311470091,0.24,3499.0,612.0,1782.0,True,macro
POST_04090,2024-04-27 22:58:00,Instagram,Photo,Sports,9534,348,41,41185,423,220385,4.5,22,Saturday,19,1962,Neutral,Macro,True,False,4,2024,10346,251.20796406458663,46.94511876942623,4.5,41185.0,9534.0,10346.0,True,macro
POST_04307,2024-04-28 09:05:00,Facebook,Post,Health,5547,197,855,10752,732,381924,1.73,9,Sunday,19,1850,Positive,Macro,True,True,4,2024,7331,681.8266369047618,19.194918360720983,1.73,10752.0,5547.0,7331.0,True,macro
POST_01426,2024-04-30 00:21:00,YouTube,Video,Health,12839,581,1822,20192,3351,326880,4.66,0,Tuesday,22,573,Positive,Macro,True,False,4,2024,18593,920.8102218700476,56.880200685266765,4.66,20192.0,12839.0,18593.0,True,macro
POST_04579,2024-04-30 13:04:00,YouTube,Video,Fitness,11107,342,796,345619,2059,210246,5.82,13,Tuesday,27,551,Positive,Macro,True,True,4,2024,14304,41.38661358316528,68.0345880539939,5.82,345619.0,11107.0,14304.0,True,macro
POST_00415,2024-04-30 20:53:00,Facebook,Post,Fitness,1952,235,732,54544,213,449687,0.65,20,Tuesday,6,842,Positive,Macro,False,False,4,2024,3132,57.42153124083309,6.964844436241208,0.65,54544.0,1952.0,3132.0,True,macro
POST_00894,2024-05-01 04:06:00,Twitter,Tweet,Health,770,268,218,2617,132,317655,0.4,4,Wednesday,23,791,Neutral,Macro,True,False,5,2024,1388,530.3782957585022,4.369520391619839,0.4,2617.0,770.0,1388.0,True,macro
POST_03957,2024-05-01 04:56:00,YouTube,Short,Fitness,2987,603,1055,902841,4420,153262,3.03,4,Wednesday,29,147,Positive,Macro,True,False,5,2024,9065,10.040527623357823,59.14708146833527,3.03,879754.8300000004,2987.0,9065.0,True,macro
POST_02545,2024-05-01 05:20:00,Instagram,Story,Fitness,4468,336,244,49179,439,101970,4.95,5,Wednesday,6,885,Neutral,Macro,True,False,5,2024,5487,111.572012444336,53.809944101206234,4.95,49179.0,4468.0,5487.0,True,macro
POST_03286,2024-05-01 12:28:00,Instagram,Photo,Fitness,5117,177,278,3288,415,470225,1.18,12,Wednesday,22,827,Negative,Macro,True,False,5,2024,5987,1820.8637469586374,12.732202668935084,1.18,3288.0,5117.0,5987.0,True,macro
POST_01419,2024-05-02 00:45:00,Facebook,Story,Fitness,7427,23,112,7819,248,73223,10.33,0,Thursday,27,1446,Neutral,Mid-tier,True,False,5,2024,7810,998.8489576672209,106.6604755336438,10.33,7819.0,7427.0,7810.0,True,mid-tier
POST_03174,2024-05-02 11:32:00,Instagram,Reel,Fitness,3334,325,20,38374,128,260376,1.41,11,Thursday,7,280,Positive,Macro,True,False,5,2024,3807,99.20779694584874,14.62116324085169,1.41,38374.0,3334.0,3807.0,True,macro
POST_01445,2024-05-02 16:43:00,TikTok,Duet,Health,20052,1170,2422,449015,2243,445662,5.31,16,Thursday,17,435,Positive,Macro,True,False,5,2024,25887,57.6528623765353,58.08662169985325,5.31,449015.0,20052.0,25887.0,True,macro
POST_04538,2024-05-03 04:25:00,Facebook,Story,Sports,4819,342,495,5625,170,281835,2.01,4,Friday,26,1517,Positive,Macro,False,False,5,2024,5826,1035.7333333333333,20.67166959391133,2.01,5625.0,4819.0,5826.0,True,macro
POST_01880,2024-05-03 12:13:00,Facebook,Video,Fitness,4043,34,181,11956,72,398368,1.07,12,Friday,24,183,Neutral,Macro,False,False,5,2024,4330,362.1612579458013,10.869346935496829,1.07,11956.0,4043.0,4330.0,True,macro
POST_03378,2024-05-03 16:42:00,Instagram,Reel,Sports,3185,265,240,1920,346,456550,0.81,16,Friday,18,331,Neutral,Macro,True,False,5,2024,4036,2102.0833333333335,8.8402146533786,0.81,1920.0,3185.0,4036.0,True,macro
POST_03629,2024-05-03 17:14:00,TikTok,Video,Health,17540,222,2446,194441,958,196151,10.3,17,Friday,9,50,Positive,Macro,True,True,5,2024,21166,108.85564258566866,107.90666374374844,10.3,194441.0,17540.0,21166.0,True,macro
POST_02886,2024-05-04 22:07:00,YouTube,Community Post,Sports,141,810,1921,609544,1600,468350,0.61,22,Saturday,23,1514,Negative,Macro,True,False,5,2024,4472,7.336631974065859,9.54841464716558,0.61,609544.0,141.0,4472.0,True,macro
POST_02597,2024-05-06 02:07:00,Twitter,Retweet,Sports,1370,155,623,51321,256,153334,1.4,2,Monday,16,997,Positive,Macro,True,False,5,2024,2404,46.842423179595094,15.678192703509984,1.4,51321.0,1370.0,2404.0,True,macro
POST_04436,2024-05-06 05:33:00,Twitter,Poll,Sports,4242,226,1045,42456,485,360646,1.53,5,Monday,28,624,Negative,Macro,True,False,5,2024,5998,141.27567363859052,16.631267226033284,1.53,42456.0,4242.0,5998.0,True,macro
POST_03830,2024-05-06 11:52:00,Instagram,Reel,Fitness,9248,53,256,6673,94,323968,2.95,11,Monday,23,212,Positive,Macro,True,False,5,2024,9651,1446.276037764124,29.789979257210586,2.95,6673.0,9248.0,9651.0,True,macro
POST_01380,2024-05-06 18:46:00,Facebook,Video,Sports,2301,25,661,36339,560,426728,0.7,18,Monday,21,498,Positive,Macro,True,False,5,2024,3547,97.60862984672116,8.312086387581786,0.7,36339.0,2301.0,3547.0,True,macro
POST_04248,2024-05-07 08:04:00,Instagram,Story,Sports,3675,173,250,1644,396,312419,1.31,8,Tuesday,6,203,Neutral,Macro,True,True,5,2024,4494,2733.576642335767,14.384528469779367,1.31,1644.0,3675.0,4494.0,True,macro
POST_02288,2024-05-09 04:33:00,Twitter,Poll,Fitness,4720,4,908,70050,6,145079,3.88,4,Thursday,26,818,Neutral,Macro,True,True,5,2024,5638,80.48536759457531,38.861585756725646,3.88,70050.0,4720.0,5638.0,True,macro
POST_02976,2024-05-09 06:09:00,Instagram,Carousel,Health,7784,23,268,22145,325,431738,1.87,6,Thursday,28,447,Positive,Macro,False,False,5,2024,8400,379.3181305034997,19.456244296309336,1.87,22145.0,7784.0,8400.0,True,macro
POST_00339,2024-05-09 08:02:00,Facebook,Video,Sports,4895,18,610,26757,653,214589,2.57,8,Thursday,26,592,Positive,Macro,True,False,5,2024,6176,230.81810367380498,28.78059919194367,2.57,26757.0,4895.0,6176.0,True,macro
POST_04317,2024-05-09 16:42:00,LinkedIn,Article,Sports,18,141,83,7961,26,190184,0.13,16,Thursday,27,1767,Neutral,Macro,True,True,5,2024,268,33.66411254867479,1.4091616539772012,0.13,7961.0,18.0,268.0,True,macro
POST_01424,2024-05-09 23:49:00,Instagram,Story,Fitness,2274,261,23,23425,505,195923,1.31,23,Thursday,23,904,Neutral,Macro,False,True,5,2024,3063,130.75773745997864,15.633692828304998,1.31,23425.0,2274.0,3063.0,True,macro
POST_01037,2024-05-10 23:14:00,Twitter,Thread,Health,2558,284,866,84796,304,463143,0.8,23,Friday,17,340,Neutral,Macro,False,False,5,2024,4012,47.31355252606255,8.662551307047714,0.8,84796.0,2558.0,4012.0,True,macro
POST_01506,2024-05-11 02:57:00,Twitter,Poll,Fitness,4925,31,1037,4034,174,274528,2.18,2,Saturday,7,1120,Positive,Macro,True,False,5,2024,6167,1528.755577590481,22.464010956987995,2.18,4034.0,4925.0,6167.0,True,macro
POST_01893,2024-05-11 03:24:00,TikTok,Duet,Sports,5480,994,4525,63770,1743,42793,25.7,3,Saturday,28,316,Positive,Micro,False,False,5,2024,12742,199.8118237415713,297.75897927231085,25.7,63770.0,5480.0,12742.0,True,micro
POST_00835,2024-05-11 17:40:00,Facebook,Story,Sports,3895,174,16,21173,340,467422,0.87,17,Saturday,9,1007,Positive,Macro,True,False,5,2024,4425,208.99258489585793,9.466820132556876,0.87,21173.0,3895.0,4425.0,True,macro
POST_04583,2024-05-12 09:02:00,TikTok,Stitch,Sports,20836,209,4725,112623,1445,213011,12.1,9,Sunday,1,128,Positive,Macro,True,False,5,2024,27215,241.6469104889765,127.76335494411087,12.1,112623.0,20836.0,27215.0,True,macro
POST_03958,2024-05-13 06:12:00,Twitter,Poll,Sports,943,273,1518,1835,450,369081,0.74,6,Monday,10,1995,Positive,Macro,True,True,5,2024,3184,1735.149863760218,8.626832592303588,0.74,1835.0,943.0,3184.0,True,macro
POST_04907,2024-05-13 14:40:00,YouTube,Live,Sports,8472,456,1375,254380,2324,454425,2.27,14,Monday,9,405,Positive,Macro,True,True,5,2024,12627,49.63833634719711,27.786763492325466,2.27,254380.0,8472.0,12627.0,True,macro
POST_03202,2024-05-14 00:30:00,Facebook,Video,Fitness,5426,373,317,40682,102,277192,2.21,0,Tuesday,20,132,Positive,Macro,True,False,5,2024,6218,152.84400963571113,22.432104822650004,2.21,40682.0,5426.0,6218.0,True,macro
POST_04770,2024-05-14 10:18:00,Twitter,Tweet,Sports,3058,195,847,27065,345,238555,1.72,10,Tuesday,9,490,Positive,Macro,True,False,5,2024,4445,164.2342508775171,18.63301963907694,1.72,27065.0,3058.0,4445.0,True,macro
POST_04346,2024-05-14 10:48:00,Twitter,Thread,Sports,2758,51,1841,97342,37,121618,3.82,10,Tuesday,9,139,Positive,Macro,False,False,5,2024,4687,48.1498222760987,38.53870315249387,3.82,97342.0,2758.0,4687.0,True,macro
POST_00136,2024-05-14 21:41:00,Twitter,Thread,Sports,1304,74,690,70863,274,363807,0.57,21,Tuesday,18,1903,Neutral,Macro,True,False,5,2024,2342,33.0496874250314,6.4374792128793565,0.57,70863.0,1304.0,2342.0,True,macro
POST_02701,2024-05-15 06:46:00,Facebook,Post,Sports,1736,75,151,41075,324,107195,1.83,6,Wednesday,16,770,Positive,Macro,True,False,5,2024,2286,55.65429093122337,21.325621530854985,1.83,41075.0,1736.0,2286.0,True,macro
POST_01366,2024-05-15 15:04:00,Instagram,Story,Health,5479,367,247,30008,679,123271,4.94,15,Wednesday,25,716,Positive,Macro,True,True,5,2024,6772,225.6731538256465,54.935872995270586,4.94,30008.0,5479.0,6772.0,True,macro
POST_01697,2024-05-15 20:11:00,Instagram,Reel,Health,7971,36,264,49350,80,308567,2.68,20,Wednesday,9,585,Neutral,Macro,True,False,5,2024,8351,169.21985815602835,27.063814341779906,2.68,49350.0,7971.0,8351.0,True,macro
POST_00886,2024-05-17 08:46:00,Instagram,Carousel,Health,3046,400,277,48040,713,399621,0.93,8,Friday,10,1594,Positive,Macro,True,False,5,2024,4436,92.33971690258117,11.10051774055918,0.93,48040.0,3046.0,4436.0,True,macro
POST_02590,2024-05-18 12:26:00,LinkedIn,Post,Sports,1266,111,417,23961,236,52878,3.39,12,Saturday,27,1240,Positive,Mid-tier,True,False,5,2024,2030,84.72100496640374,38.39025681758009,3.39,23961.0,1266.0,2030.0,True,mid-tier
POST_01029,2024-05-18 20:46:00,Twitter,Thread,Fitness,4846,258,189,11384,182,423887,1.25,20,Saturday,5,857,Positive,Macro,True,False,5,2024,5475,480.93815881939565,12.91617813237962,1.25,11384.0,4846.0,5475.0,True,macro
POST_00423,2024-05-19 02:17:00,Instagram,Carousel,Sports,8788,18,196,36645,343,126662,7.11,2,Sunday,0,136,Negative,Macro,True,False,5,2024,9345,255.01432664756447,73.77903396440921,7.11,36645.0,8788.0,9345.0,True,macro
POST_01292,2024-05-19 06:52:00,Instagram,Story,Sports,6523,223,209,34961,854,8497,81.85,6,Sunday,13,1219,Positive,Nano,True,False,5,2024,7809,223.36317611052314,919.0302459691655,81.85,34961.0,6523.0,7809.0,True,nano
POST_04467,2024-05-19 15:31:00,Instagram,Reel,Health,1067,410,182,10760,684,138665,1.2,15,Sunday,13,337,Neutral,Macro,True,False,5,2024,2343,217.75092936802972,16.89683770237623,1.2,10760.0,1067.0,2343.0,True,macro
POST_01520,2024-05-20 13:12:00,YouTube,Community Post,Fitness,7011,936,1669,848116,816,442982,2.17,13,Monday,2,1533,Neutral,Macro,True,True,5,2024,10432,12.300204217347627,23.549489595514036,2.17,848116.0,7011.0,10432.0,True,macro
POST_04350,2024-05-20 14:44:00,Facebook,Post,Health,2570,238,499,57975,395,130718,2.53,14,Monday,25,789,Positive,Macro,True,True,5,2024,3702,63.85510996119016,28.3205067396992,2.53,57975.0,2570.0,3702.0,True,macro
POST_00491,2024-05-20 20:06:00,Facebook,Story,Sports,2016,252,573,79453,603,387226,0.73,20,Monday,24,211,Positive,Macro,True,True,5,2024,3444,43.34638087926195,8.894030876025885,0.73,79453.0,2016.0,3444.0,True,macro
POST_04941,2024-05-21 07:05:00,Twitter,Thread,Sports,2061,116,1365,76283,182,125217,2.83,7,Tuesday,29,1358,Neutral,Macro,True,False,5,2024,3724,48.81821637848538,29.740370716436267,2.83,76283.0,2061.0,3724.0,True,macro
POST_03046,2024-05-21 22:25:00,LinkedIn,Article,Fitness,1486,90,200,26132,93,387982,0.46,22,Tuesday,26,1993,Positive,Macro,True,False,5,2024,1869,71.52150619929589,4.817233789196406,0.46,26132.0,1486.0,1869.0,True,macro
POST_04266,2024-05-22 00:38:00,Twitter,Poll,Sports,1736,134,932,73364,316,402702,0.7,0,Wednesday,7,1008,Positive,Macro,False,False,5,2024,3118,42.50040891990622,7.742698074506707,0.7,73364.0,1736.0,3118.0,True,macro
POST_04032,2024-05-22 04:21:00,Twitter,Poll,Health,2904,37,254,42620,444,418550,0.76,4,Wednesday,17,1345,Positive,Macro,True,False,5,2024,3639,85.38244955419991,8.694301756062599,0.76,42620.0,2904.0,3639.0,True,macro
POST_01316,2024-05-22 06:52:00,Facebook,Post,Health,3144,133,220,2429,527,46424,7.53,6,Wednesday,19,152,Negative,Micro,True,False,5,2024,4024,1656.648826677645,86.67930380837498,7.53,2429.0,3144.0,4024.0,True,micro
POST_04700,2024-05-22 09:29:00,YouTube,Live,Health,17690,638,1162,340765,1772,220153,8.85,9,Wednesday,7,588,Neutral,Macro,True,True,5,2024,21262,62.39490558009185,96.57828873556117,8.85,340765.0,17690.0,21262.0,True,macro
POST_01220,2024-05-22 20:19:00,Twitter,Poll,Sports,211,42,1892,11051,265,172707,1.24,20,Wednesday,5,835,Neutral,Macro,True,False,5,2024,2410,218.0798117817392,13.954269369510211,1.24,11051.0,211.0,2410.0,True,macro
POST_01498,2024-05-23 03:00:00,Facebook,Video,Fitness,1723,365,571,39027,609,410078,0.65,3,Thursday,1,463,Neutral,Macro,True,True,5,2024,3268,83.73690009480616,7.969215612639546,0.65,39027.0,1723.0,3268.0,True,macro
POST_00986,2024-05-23 15:20:00,Facebook,Video,Health,6864,248,494,18979,627,201575,3.77,15,Thursday,18,446,Positive,Macro,True,False,5,2024,8233,433.79524737868167,40.84335855140767,3.77,18979.0,6864.0,8233.0,True,macro
POST_01159,2024-05-23 22:46:00,TikTok,Duet,Health,27118,723,3565,423014,913,472288,6.65,22,Thursday,8,181,Neutral,Macro,True,False,5,2024,32319,76.40172665680095,68.43070329968155,6.65,423014.0,27118.0,32319.0,True,macro
POST_04716,2024-05-23 23:33:00,Twitter,Retweet,Fitness,3626,118,396,25583,105,317572,1.3,23,Thursday,19,192,Positive,Macro,False,False,5,2024,4245,165.93050072313645,13.367047472699104,1.3,25583.0,3626.0,4245.0,True,macro
POST_03781,2024-05-25 13:57:00,Twitter,Tweet,Fitness,681,246,456,73249,160,458907,0.3,13,Saturday,26,1458,Negative,Macro,True,False,5,2024,1543,21.065133995003343,3.3623370312503402,0.3,73249.0,681.0,1543.0,True,macro
POST_04229,2024-05-26 08:47:00,Facebook,Story,Fitness,1557,375,155,28557,592,307310,0.68,8,Sunday,18,242,Neutral,Macro,True,False,5,2024,2679,93.81237524950099,8.717581595131952,0.68,28557.0,1557.0,2679.0,True,macro
POST_00601,2024-05-26 18:42:00,Instagram,Reel,Health,8944,105,106,895,455,488120,1.88,18,Sunday,20,292,Positive,Macro,True,False,5,2024,9610,10737.430167597764,19.687781693026306,1.88,895.0,8944.0,9610.0,True,macro
POST_02005,2024-05-27 09:43:00,Twitter,Poll,Health,3771,279,1777,21143,57,333804,1.75,9,Monday,26,1635,Positive,Macro,True,True,5,2024,5884,278.29541692285864,17.627110519945838,1.75,21143.0,3771.0,5884.0,True,macro
POST_00443,2024-05-27 13:55:00,Twitter,Thread,Health,919,131,1255,22113,48,220487,1.05,13,Monday,17,1194,Positive,Macro,True,True,5,2024,2353,106.4079952968842,10.6718309923034,1.05,22113.0,919.0,2353.0,True,macro
POST_04914,2024-05-27 20:01:00,Instagram,Story,Fitness,6875,430,103,24857,518,158828,4.66,20,Monday,14,1451,Neutral,Macro,False,False,5,2024,7926,318.86390151667536,49.90303976628806,4.66,24857.0,6875.0,7926.0,True,macro
POST_01917,2024-05-28 01:42:00,TikTok,Stitch,Sports,24612,887,4815,15691,2510,39830,76.11,1,Tuesday,25,140,Neutral,Micro,True,False,5,2024,32824,2091.899815180677,824.1024353502386,76.11,15691.0,24612.0,32824.0,True,micro
POST_04352,2024-05-28 06:13:00,Facebook,Post,Fitness,6796,256,715,7285,294,236202,3.29,6,Tuesday,10,959,Negative,Macro,True,True,5,2024,8061,1106.5202470830473,34.127568775878274,3.29,7285.0,6796.0,8061.0,True,macro
POST_02546,2024-05-29 23:01:00,Facebook,Story,Health,5331,299,477,68759,88,353164,1.73,23,Wednesday,16,1829,Negative,Macro,True,False,5,2024,6195,90.09729635393185,17.541425513359233,1.73,68759.0,5331.0,6195.0,True,macro
POST_02061,2024-05-29 23:46:00,Instagram,Reel,Health,3551,167,265,49637,77,373708,1.07,23,Wednesday,28,99,Negative,Macro,True,False,5,2024,4060,81.79382315611339,10.864097102550655,1.07,49637.0,3551.0,4060.0,True,macro
POST_02775,2024-05-30 21:09:00,Facebook,Story,Health,1693,306,932,78704,268,195400,1.5,21,Thursday,13,139,Neutral,Macro,True,False,5,2024,3199,40.645964626956705,16.37154554759468,1.5,78704.0,1693.0,3199.0,True,macro
POST_03674,2024-05-30 22:25:00,Instagram,Story,Fitness,805,150,240,20458,613,368150,0.32,22,Thursday,1,1688,Neutral,Macro,False,False,5,2024,1808,88.37618535536221,4.911041694961293,0.32,20458.0,805.0,1808.0,True,macro
POST_00543,2024-05-31 19:00:00,Instagram,Reel,Fitness,4277,346,244,21719,683,280354,1.74,19,Friday,11,483,Neutral,Macro,True,False,5,2024,5550,255.53662691652468,19.796400265378768,1.74,21719.0,4277.0,5550.0,True,macro
POST_04012,2024-06-01 12:14:00,Twitter,Retweet,Sports,3127,254,1978,54100,219,209790,2.55,12,Saturday,11,1725,Negative,Macro,True,False,6,2024,5578,103.10536044362293,26.58849325515992,2.55,54100.0,3127.0,5578.0,True,macro
POST_00429,2024-06-01 14:34:00,Twitter,Retweet,Health,2049,19,1626,69232,405,397113,0.93,14,Saturday,17,1096,Positive,Macro,True,False,6,2024,4099,59.20672521377398,10.321999027984477,0.93,69232.0,2049.0,4099.0,True,macro
POST_00350,2024-06-01 18:19:00,Facebook,Live,Health,4378,62,270,30904,38,362667,1.3,18,Saturday,8,454,Positive,Macro,True,True,6,2024,4748,153.6370696349987,13.091899731709805,1.3,30904.0,4378.0,4748.0,True,macro
POST_01715,2024-06-02 16:48:00,Instagram,Photo,Sports,2477,94,233,5430,267,437772,0.64,16,Sunday,24,1761,Positive,Macro,True,False,6,2024,3071,565.561694290976,7.015067203932641,0.64,5430.0,2477.0,3071.0,True,macro
POST_01744,2024-06-03 04:12:00,Instagram,Story,Sports,3692,199,51,10122,305,387295,1.02,4,Monday,11,264,Positive,Macro,True,False,6,2024,4247,419.5811104524798,10.965801262603442,1.02,10122.0,3692.0,4247.0,True,macro
POST_00839,2024-06-05 09:10:00,Facebook,Video,Fitness,3987,337,164,40576,537,322805,1.39,9,Wednesday,21,212,Positive,Macro,True,False,6,2024,5025,123.84167981072555,15.566673378665138,1.39,40576.0,3987.0,5025.0,True,macro
POST_00649,2024-06-05 20:04:00,TikTok,Video,Sports,19462,1261,3912,267120,1111,262570,9.38,20,Wednesday,27,443,Neutral,Macro,True,False,6,2024,25746,96.38364779874215,98.05385230605172,9.38,267120.0,19462.0,25746.0,True,macro
POST_01984,2024-06-06 00:29:00,Facebook,Post,Fitness,4837,37,518,37440,468,64584,8.35,0,Thursday,19,1206,Neutral,Mid-tier,True,True,6,2024,5860,156.51709401709402,90.73454725628639,8.35,37440.0,4837.0,5860.0,True,mid-tier
POST_01948,2024-06-07 01:09:00,Instagram,Carousel,Health,2933,257,240,37853,891,150525,2.28,1,Friday,29,1414,Neutral,Macro,True,False,6,2024,4321,114.15211475972842,28.706194984221888,2.28,37853.0,2933.0,4321.0,True,macro
POST_00173,2024-06-07 07:55:00,Facebook,Story,Sports,6846,89,25,64875,660,336760,2.07,7,Friday,23,417,Negative,Macro,True,False,6,2024,7620,117.45664739884393,22.627390426416436,2.07,64875.0,6846.0,7620.0,True,macro
POST_02522,2024-06-09 00:22:00,Instagram,Photo,Health,7478,310,298,36177,249,256342,3.15,0,Sunday,18,824,Neutral,Macro,False,False,6,2024,8335,230.39500234955912,32.515155534403256,3.15,36177.0,7478.0,8335.0,True,macro
POST_04076,2024-06-10 08:56:00,Facebook,Story,Fitness,998,156,157,64578,149,256096,0.51,8,Monday,10,612,Positive,Macro,True,False,6,2024,1460,22.60831862244108,5.700987129826315,0.51,64578.0,998.0,1460.0,True,macro
POST_01559,2024-06-10 23:27:00,TikTok,Stitch,Fitness,19437,1045,1378,96150,77,479924,4.55,23,Monday,17,452,Positive,Macro,True,False,6,2024,21937,228.15392615704627,45.70932064243505,4.55,96150.0,19437.0,21937.0,True,macro
POST_00238,2024-06-11 23:55:00,Instagram,Story,Health,450,369,66,5945,590,183920,0.48,23,Tuesday,14,181,Positive,Macro,False,False,6,2024,1475,248.107653490328,8.019791213571118,0.48,5945.0,450.0,1475.0,True,macro
POST_00876,2024-06-12 15:32:00,Instagram,Reel,Health,1582,355,268,16515,902,34250,6.44,15,Wednesday,2,597,Neutral,Micro,True,False,6,2024,3107,188.13200121102028,90.71532846715328,6.44,16515.0,1582.0,3107.0,True,micro
POST_04767,2024-06-13 16:33:00,TikTok,Stitch,Health,48335,1743,2281,457082,807,272825,19.19,16,Thursday,14,127,Positive,Macro,False,False,6,2024,53166,116.31610958208812,194.87217080546137,19.19,457082.0,47071.60000000001,52434.52000000001,True,macro
POST_01945,2024-06-13 18:54:00,TikTok,Video,Health,10320,1664,4569,468593,1953,315949,5.24,18,Thursday,25,570,Positive,Macro,True,False,6,2024,18506,39.49269408633932,58.57274433531994,5.24,468593.0,10320.0,18506.0,True,macro
POST_03808,2024-06-14 23:34:00,Twitter,Tweet,Sports,4133,165,1827,31261,67,309780,1.98,23,Friday,23,1304,Positive,Macro,True,False,6,2024,6192,198.07427785419532,19.988378849506102,1.98,31261.0,4133.0,6192.0,True,macro
POST_00174,2024-06-15 05:56:00,Instagram,Carousel,Fitness,1836,392,85,10149,380,216896,1.07,5,Saturday,2,961,Negative,Macro,True,True,6,2024,2693,265.3463395408415,12.416088816760107,1.07,10149.0,1836.0,2693.0,True,macro
POST_04416,2024-06-16 12:29:00,Facebook,Video,Fitness,6830,103,595,10523,464,461394,1.63,12,Sunday,7,148,Positive,Macro,True,False,6,2024,7992,759.4792359593272,17.321421604962353,1.63,10523.0,6830.0,7992.0,True,macro
POST_01421,2024-06-16 15:22:00,Twitter,Retweet,Health,4217,113,697,49743,20,20839,24.12,15,Sunday,7,386,Neutral,Micro,True,True,6,2024,5047,101.461512172567,242.19012428619416,24.12,49743.0,4217.0,5047.0,True,micro
POST_01598,2024-06-17 19:56:00,Instagram,Reel,Fitness,2673,384,20,49983,327,266771,1.15,19,Monday,1,566,Positive,Macro,True,False,6,2024,3404,68.10315507272473,12.76000764700811,1.15,49983.0,2673.0,3404.0,True,macro
POST_01850,2024-06-18 02:48:00,Facebook,Post,Sports,2325,195,423,51300,313,178263,1.65,2,Tuesday,17,1057,Negative,Macro,True,True,6,2024,3256,63.46978557504873,18.265147562870588,1.65,51300.0,2325.0,3256.0,True,macro
POST_04952,2024-06-18 06:46:00,Instagram,Story,Fitness,6249,172,206,2294,200,292364,2.27,6,Tuesday,4,676,Negative,Macro,False,False,6,2024,6827,2976.0244115082824,23.351028170362973,2.27,2294.0,6249.0,6827.0,True,macro
POST_02684,2024-06-18 18:38:00,Twitter,Poll,Fitness,145,62,124,51603,194,32271,1.03,18,Tuesday,24,373,Positive,Micro,True,False,6,2024,525,10.173827103075402,16.268476340987263,1.03,51603.0,145.0,525.0,True,micro
POST_03584,2024-06-19 04:47:00,TikTok,Video,Health,29643,660,53,491080,916,398128,7.62,4,Wednesday,27,403,Positive,Macro,True,False,6,2024,31272,63.680052129999176,78.54760278101514,7.62,491080.0,29643.0,31272.0,True,macro
POST_02095,2024-06-19 08:59:00,Twitter,Thread,Health,3334,165,328,98847,43,189659,2.02,8,Wednesday,12,1245,Positive,Macro,False,False,6,2024,3870,39.15141582445598,20.405042734592083,2.02,98847.0,3334.0,3870.0,True,macro
POST_04119,2024-06-20 01:26:00,Instagram,Carousel,Health,1178,470,253,34287,938,360088,0.53,1,Thursday,19,839,Neutral,Macro,True,False,6,2024,2839,82.80106162685566,7.884183866166048,0.53,34287.0,1178.0,2839.0,True,macro
POST_01297,2024-06-20 02:36:00,Instagram,Reel,Health,9225,227,21,31978,849,455201,2.08,2,Thursday,9,463,Positive,Macro,True,False,6,2024,10322,322.7844142848208,22.675697109628494,2.08,31978.0,9225.0,10322.0,True,macro
POST_03260,2024-06-21 02:23:00,TikTok,Stitch,Health,9864,310,2721,411058,677,302622,4.26,2,Friday,23,172,Positive,Macro,True,False,6,2024,13572,33.01723844323672,44.84802823324147,4.26,411058.0,9864.0,13572.0,True,macro
POST_00216,2024-06-22 21:05:00,Instagram,Photo,Sports,3585,250,82,42121,918,93906,4.17,21,Saturday,24,133,Positive,Mid-tier,True,True,6,2024,4835,114.7883478549892,51.487657870636596,4.17,42121.0,3585.0,4835.0,True,mid-tier
POST_01656,2024-06-25 08:25:00,YouTube,Short,Fitness,10959,625,530,536872,2126,449912,2.69,8,Tuesday,16,64,Negative,Macro,True,False,6,2024,14240,26.5240131725998,31.650633901740783,2.69,536872.0,10959.0,14240.0,True,macro
POST_00931,2024-06-26 14:58:00,Instagram,Photo,Fitness,4141,448,216,29250,484,144106,3.33,14,Wednesday,2,474,Positive,Macro,True,True,6,2024,5289,180.82051282051282,36.70214980639252,3.33,29250.0,4141.0,5289.0,True,macro
POST_01494,2024-06-27 00:25:00,Instagram,Reel,Fitness,6877,129,66,1292,793,217506,3.25,0,Thursday,5,372,Neutral,Macro,True,False,6,2024,7865,6087.461300309598,36.15992202513954,3.25,1292.0,6877.0,7865.0,True,macro
POST_00546,2024-06-27 03:42:00,Twitter,Tweet,Fitness,4386,96,146,49821,210,443944,1.04,3,Thursday,5,408,Positive,Macro,True,False,6,2024,4838,97.10764537042613,10.897770890022164,1.04,49821.0,4386.0,4838.0,True,macro
POST_03944,2024-06-27 07:56:00,Twitter,Poll,Fitness,1414,52,219,21856,416,340932,0.49,7,Thursday,0,1428,Positive,Macro,True,False,6,2024,2101,96.1292093704246,6.162519212042284,0.49,21856.0,1414.0,2101.0,True,macro
POST_00822,2024-06-27 11:32:00,Instagram,Story,Fitness,7588,275,166,24134,816,92879,8.64,11,Thursday,2,607,Neutral,Mid-tier,True,True,6,2024,8845,366.4954006795392,95.23143014029004,8.64,24134.0,7588.0,8845.0,True,mid-tier
POST_02073,2024-06-27 12:41:00,Instagram,Reel,Sports,5657,22,57,19850,44,65758,8.72,12,Thursday,6,503,Neutral,Mid-tier,False,True,6,2024,5780,291.183879093199,87.89805042732443,8.72,19850.0,5657.0,5780.0,True,mid-tier
POST_02979,2024-06-27 19:44:00,LinkedIn,Article,Health,112,132,441,15568,114,61132,1.12,19,Thursday,13,1887,Negative,Mid-tier,True,True,6,2024,799,51.323227132579646,13.07007786429366,1.12,15568.0,112.0,799.0,True,mid-tier
POST_03061,2024-06-28 20:35:00,Twitter,Thread,Fitness,85,11,206,20332,218,490512,0.06,20,Friday,9,172,Neutral,Macro,True,False,6,2024,520,25.57544757033248,1.0601167759402421,0.06,20332.0,85.0,520.0,True,macro
POST_04821,2024-06-29 02:09:00,Twitter,Poll,Fitness,2019,126,145,4386,325,145744,1.57,2,Saturday,26,1181,Positive,Macro,False,False,6,2024,2615,596.2152302781578,17.9424195850258,1.57,4386.0,2019.0,2615.0,True,macro
POST_03948,2024-06-29 08:58:00,Facebook,Video,Health,5900,5,98,26458,747,352542,1.7,8,Saturday,27,571,Positive,Macro,True,True,6,2024,6750,255.1213243631416,19.146654866654185,1.7,26458.0,5900.0,6750.0,True,macro
POST_04858,2024-06-29 14:27:00,YouTube,Community Post,Health,15275,349,40,883318,3970,151601,10.33,14,Saturday,4,1281,Positive,Macro,False,True,6,2024,19634,22.22755564813578,129.51101905660252,10.33,879754.8300000004,15275.0,19634.0,True,macro
POST_04630,2024-06-30 12:43:00,Facebook,Video,Sports,3206,371,505,74987,254,401795,1.02,12,Sunday,4,217,Neutral,Macro,True,False,6,2024,4336,57.82335604838172,10.791572816983786,1.02,74987.0,3206.0,4336.0,True,macro
POST_02113,2024-06-30 15:57:00,Instagram,Photo,Fitness,7533,344,79,2249,537,6980,113.98,15,Sunday,29,1586,Positive,Nano,True,False,6,2024,8493,3776.345042240996,1216.7621776504297,113.98,2249.0,7533.0,8493.0,True,nano
POST_04784,2024-07-02 22:49:00,Twitter,Thread,Health,1426,75,1297,54262,333,272360,1.03,22,Tuesday,19,131,Positive,Macro,True,False,7,2024,3131,57.70152224392761,11.495814363342635,1.03,54262.0,1426.0,3131.0,True,macro
POST_01747,2024-07-03 02:31:00,Instagram,Story,Health,9376,494,130,9456,687,392185,2.55,2,Wednesday,16,122,Positive,Macro,True,False,7,2024,10687,1130.1818950930626,27.249894820046663,2.55,9456.0,9376.0,10687.0,True,macro
POST_00598,2024-07-03 08:44:00,Instagram,Carousel,Sports,1351,242,204,9450,756,115059,1.56,8,Wednesday,15,435,Positive,Macro,True,False,7,2024,2553,270.1587301587302,22.18861627512841,1.56,9450.0,1351.0,2553.0,True,macro
POST_03451,2024-07-03 13:50:00,Facebook,Video,Sports,4400,199,380,53384,551,79586,6.26,13,Wednesday,21,356,Neutral,Mid-tier,True,False,7,2024,5530,103.58909036415405,69.48458271555297,6.26,53384.0,4400.0,5530.0,True,mid-tier
POST_04715,2024-07-05 15:47:00,Facebook,Live,Fitness,3556,198,430,34618,134,28134,14.87,15,Friday,24,565,Positive,Micro,True,False,7,2024,4318,124.73279796637587,153.47977536077346,14.87,34618.0,3556.0,4318.0,True,micro
POST_04167,2024-07-06 14:40:00,Instagram,Story,Sports,5218,403,62,5790,152,77714,7.31,14,Saturday,3,1305,Neutral,Mid-tier,True,True,7,2024,5835,1007.7720207253886,75.08299662866408,7.31,5790.0,5218.0,5835.0,True,mid-tier
POST_02217,2024-07-06 16:17:00,TikTok,Stitch,Sports,5660,575,2287,434613,821,86798,9.82,16,Saturday,6,42,Neutral,Mid-tier,True,False,7,2024,9343,21.49728609130422,107.64072904905643,9.82,434613.0,5660.0,9343.0,True,mid-tier
POST_03109,2024-07-07 06:35:00,Facebook,Live,Health,237,262,934,37926,790,50611,2.83,6,Sunday,25,438,Positive,Mid-tier,True,False,7,2024,2223,58.61414333175131,43.92325778980854,2.83,37926.0,237.0,2223.0,True,mid-tier
POST_03417,2024-07-07 20:28:00,Twitter,Tweet,Fitness,1240,110,1888,61635,268,16300,19.87,20,Sunday,6,143,Negative,Micro,True,False,7,2024,3506,56.88326437900543,215.09202453987731,19.87,61635.0,1240.0,3506.0,True,micro
POST_02383,2024-07-08 00:39:00,YouTube,Short,Health,12274,33,1022,805350,2867,366156,3.64,0,Monday,1,546,Positive,Macro,True,True,7,2024,16196,20.110510957968586,44.232512917991244,3.64,805350.0,12274.0,16196.0,True,macro
POST_02890,2024-07-08 03:44:00,TikTok,Stitch,Health,13311,699,860,59235,1511,424418,3.5,3,Monday,0,246,Positive,Macro,True,True,7,2024,16381,276.5425846205791,38.5963837537522,3.5,59235.0,13311.0,16381.0,True,macro
POST_04556,2024-07-08 08:31:00,Facebook,Story,Sports,561,341,25,25408,140,270739,0.34,8,Monday,8,1010,Neutral,Macro,False,True,7,2024,1067,41.99464735516373,3.941065010951507,0.34,25408.0,561.0,1067.0,True,macro
POST_01618,2024-07-08 11:56:00,LinkedIn,Post,Fitness,917,30,480,17738,197,437850,0.33,11,Monday,18,1615,Positive,Macro,True,True,7,2024,1624,91.55485398579322,3.7090327737809754,0.33,17738.0,917.0,1624.0,True,macro
POST_00979,2024-07-09 00:47:00,Facebook,Post,Sports,4808,185,6,40929,173,400800,1.25,0,Tuesday,4,1514,Neutral,Macro,True,False,7,2024,5172,126.36516895111046,12.904191616766466,1.25,40929.0,4808.0,5172.0,True,macro
POST_02327,2024-07-09 03:18:00,TikTok,Video,Health,2755,418,1334,183742,1226,240279,1.88,3,Tuesday,29,115,Negative,Macro,False,True,7,2024,5733,31.201358426489318,23.859763025482874,1.88,183742.0,2755.0,5733.0,True,macro
POST_01941,2024-07-10 05:47:00,Instagram,Story,Sports,6582,420,273,26082,722,50366,14.44,5,Wednesday,4,908,Neutral,Mid-tier,True,False,7,2024,7997,306.6099225519515,158.77774689274509,14.44,26082.0,6582.0,7997.0,True,mid-tier
POST_01772,2024-07-11 05:58:00,TikTok,Stitch,Health,34356,59,4218,132343,985,342408,11.28,5,Thursday,29,237,Positive,Macro,True,True,7,2024,39618,299.35848514844,115.70407233475854,11.28,132343.0,34356.0,39618.0,True,macro
POST_01543,2024-07-11 15:34:00,Facebook,Live,Sports,2936,61,825,66643,344,472811,0.81,15,Thursday,22,309,Negative,Macro,False,False,7,2024,4166,62.51219182809897,8.811131720708698,0.81,66643.0,2936.0,4166.0,True,macro
POST_03089,2024-07-12 02:01:00,Facebook,Post,Health,5101,83,48,56250,543,172333,3.04,2,Friday,14,300,Positive,Macro,False,False,7,2024,5775,102.66666666666667,33.51070311547991,3.04,56250.0,5101.0,5775.0,True,macro
POST_01389,2024-07-12 23:25:00,YouTube,Community Post,Fitness,12320,523,1125,832600,4374,256381,5.45,23,Friday,0,1337,Positive,Macro,True,True,7,2024,18342,22.029786211866444,71.54196293797123,5.45,832600.0,12320.0,18342.0,True,macro
POST_04195,2024-07-13 00:00:00,Facebook,Live,Sports,1548,305,875,6338,213,186496,1.46,0,Saturday,16,236,Neutral,Macro,True,False,7,2024,2941,464.0265067844746,15.769775223061083,1.46,6338.0,1548.0,2941.0,True,macro
POST_02933,2024-07-13 04:02:00,Instagram,Reel,Health,7368,290,266,14031,225,435732,1.82,4,Saturday,28,393,Positive,Macro,True,False,7,2024,8149,580.7854037488418,18.701862612798692,1.82,14031.0,7368.0,8149.0,True,macro
POST_02414,2024-07-13 06:33:00,Instagram,Carousel,Fitness,817,395,144,47931,767,299336,0.45,6,Saturday,25,1723,Positive,Macro,False,False,7,2024,2123,44.29283762074649,7.092364433278991,0.45,47931.0,817.0,2123.0,True,macro
POST_04471,2024-07-13 23:00:00,YouTube,Video,Health,16986,428,1556,403137,2580,291840,6.5,23,Saturday,23,313,Neutral,Macro,False,True,7,2024,21550,53.45577309946743,73.84183114035088,6.5,403137.0,16986.0,21550.0,True,macro
POST_00922,2024-07-14 00:28:00,Facebook,Story,Fitness,898,363,237,63297,250,234220,0.64,0,Sunday,5,1771,Positive,Macro,True,False,7,2024,1748,27.615842772959223,7.463068909572197,0.64,63297.0,898.0,1748.0,True,macro
POST_04569,2024-07-14 06:45:00,Instagram,Reel,Sports,1289,378,15,3301,169,126894,1.33,6,Sunday,2,435,Positive,Macro,True,True,7,2024,1851,560.7391699485005,14.58697810771195,1.33,3301.0,1289.0,1851.0,True,macro
POST_02929,2024-07-14 09:44:00,TikTok,Stitch,Sports,48015,847,622,366634,2415,412755,11.99,9,Sunday,20,248,Neutral,Macro,True,False,7,2024,51899,141.55533856652684,125.73802861261524,11.99,366634.0,47071.60000000001,51899.0,True,macro
POST_03606,2024-07-15 15:22:00,Instagram,Story,Health,896,83,15,15376,665,87259,1.14,15,Monday,27,1538,Neutral,Mid-tier,True,False,7,2024,1659,107.89542143600417,19.012365486654673,1.14,15376.0,896.0,1659.0,True,mid-tier
POST_02934,2024-07-16 00:46:00,Facebook,Post,Fitness,1368,158,220,2449,168,337878,0.52,0,Tuesday,2,1751,Positive,Macro,True,False,7,2024,1914,781.5434871376073,5.664766572549856,0.52,2449.0,1368.0,1914.0,True,macro
POST_03835,2024-07-16 14:00:00,Facebook,Live,Fitness,1041,54,307,7042,313,32264,4.35,14,Tuesday,25,388,Neutral,Micro,True,False,7,2024,1715,243.53876739562625,53.15521943962311,4.35,7042.0,1041.0,1715.0,True,micro
POST_04889,2024-07-16 19:41:00,Instagram,Carousel,Sports,651,316,21,21568,229,257303,0.38,19,Tuesday,8,966,Positive,Macro,True,False,7,2024,1217,56.42618694362018,4.729832143426233,0.38,21568.0,651.0,1217.0,True,macro
POST_01939,2024-07-17 09:28:00,Facebook,Live,Health,3751,376,204,72884,428,200731,2.16,9,Wednesday,3,156,Neutral,Macro,False,False,7,2024,4759,65.2955381153614,23.70834599538686,2.16,72884.0,3751.0,4759.0,True,macro
POST_03848,2024-07-17 21:47:00,Facebook,Story,Sports,6244,83,453,8334,627,120923,5.61,21,Wednesday,18,633,Neutral,Macro,False,False,7,2024,7407,888.768898488121,61.253855759450225,5.61,8334.0,6244.0,7407.0,True,macro
POST_04755,2024-07-18 10:48:00,TikTok,Video,Fitness,41082,1735,4138,122993,1771,58975,79.62,10,Thursday,6,434,Positive,Mid-tier,True,False,7,2024,48726,396.16888766027336,826.2144976685037,79.62,122993.0,41082.0,48726.0,True,mid-tier
POST_02874,2024-07-18 16:21:00,Twitter,Thread,Sports,2142,46,1609,9689,420,381137,1.0,16,Thursday,25,781,Positive,Macro,True,True,7,2024,4217,435.23583445143976,11.064262981552565,1.0,9689.0,2142.0,4217.0,True,macro
POST_00648,2024-07-21 05:38:00,LinkedIn,Document,Fitness,941,91,391,12694,42,44733,3.18,5,Sunday,1,1981,Neutral,Micro,True,True,7,2024,1465,115.4088545769655,32.74987145954888,3.18,12694.0,941.0,1465.0,True,micro
POST_01500,2024-07-21 12:23:00,TikTok,Stitch,Health,9583,1171,1049,99449,211,484277,2.44,12,Sunday,9,431,Positive,Macro,True,False,7,2024,12014,120.80563907128277,24.808116016246903,2.44,99449.0,9583.0,12014.0,True,macro
POST_03943,2024-07-22 06:18:00,Instagram,Carousel,Health,1714,234,86,31616,886,398896,0.51,6,Monday,4,1358,Positive,Macro,True,False,7,2024,2920,92.3582995951417,7.32020376238418,0.51,31616.0,1714.0,2920.0,True,macro
POST_03530,2024-07-23 15:28:00,Twitter,Thread,Health,4207,165,1684,47993,437,42741,14.17,15,Tuesday,18,405,Positive,Micro,True,False,7,2024,6493,135.29056320713437,151.91502304578742,14.17,47993.0,4207.0,6493.0,True,micro
POST_00718,2024-07-23 19:08:00,YouTube,Short,Fitness,17208,768,1390,692310,4807,457519,4.23,19,Tuesday,8,526,Positive,Macro,False,True,7,2024,24173,34.916439167425,52.83496423099369,4.23,692310.0,17208.0,24173.0,True,macro
POST_00081,2024-07-24 22:19:00,TikTok,Stitch,Sports,32699,1704,3136,342850,862,474115,7.92,22,Wednesday,29,219,Positive,Macro,True,True,7,2024,38401,112.00525010937727,80.99511721839637,7.92,342850.0,32699.0,38401.0,True,macro
POST_03648,2024-07-25 14:26:00,Twitter,Tweet,Health,911,225,505,61126,85,334504,0.49,14,Thursday,5,244,Negative,Macro,True,False,7,2024,1726,28.23675686287341,5.159878506684524,0.49,61126.0,911.0,1726.0,True,macro
POST_03015,2024-07-26 10:08:00,Facebook,Live,Fitness,7612,311,892,45488,312,247052,3.57,10,Friday,8,120,Neutral,Macro,False,False,7,2024,9127,200.64632430531128,36.943639395754744,3.57,45488.0,7612.0,9127.0,True,macro
POST_04055,2024-07-29 09:27:00,TikTok,Duet,Sports,44006,1151,4014,31568,2888,285899,17.2,9,Monday,22,38,Positive,Macro,True,False,7,2024,52059,1649.1066903193107,182.08877960398604,17.2,31568.0,44006.0,52059.0,True,macro
POST_02623,2024-07-31 01:11:00,Twitter,Retweet,Sports,3438,59,159,96798,491,443543,0.82,1,Wednesday,24,1571,Neutral,Macro,True,False,7,2024,4147,42.841794251947356,9.349713556521014,0.82,96798.0,3438.0,4147.0,True,macro
POST_02403,2024-08-01 20:31:00,Twitter,Retweet,Fitness,2846,195,1009,47746,250,31955,12.67,20,Thursday,3,526,Positive,Micro,True,False,8,2024,4300,90.05990030578478,134.56423094977313,12.67,47746.0,2846.0,4300.0,True,micro
POST_04014,2024-08-02 15:14:00,Instagram,Carousel,Fitness,4933,115,142,1244,544,310652,1.67,15,Friday,14,303,Neutral,Macro,False,False,8,2024,5734,4609.324758842444,18.45795295056848,1.67,1244.0,4933.0,5734.0,True,macro
POST_04230,2024-08-02 23:25:00,Instagram,Story,Sports,7284,54,4,31445,587,145050,5.06,23,Friday,7,1844,Positive,Macro,False,True,8,2024,7929,252.1545555732231,54.663908996897625,5.06,31445.0,7284.0,7929.0,True,macro
POST_03952,2024-08-03 09:29:00,TikTok,Duet,Fitness,21597,1379,2371,11258,2761,470151,5.39,9,Saturday,25,121,Positive,Macro,True,False,8,2024,28108,2496.713448214603,59.78504778252094,5.39,11258.0,21597.0,28108.0,True,macro
POST_01670,2024-08-04 13:47:00,TikTok,Duet,Fitness,22549,1799,4303,144648,868,491026,5.83,13,Sunday,6,64,Neutral,Macro,True,False,8,2024,29519,204.07471931862176,60.11697954894446,5.83,144648.0,22549.0,29519.0,True,macro
POST_02942,2024-08-04 20:42:00,Facebook,Post,Sports,4456,346,60,55278,112,269510,1.8,20,Sunday,9,1581,Negative,Macro,True,False,8,2024,4974,89.98154781287312,18.455715928908017,1.8,55278.0,4456.0,4974.0,True,macro
POST_01775,2024-08-04 23:01:00,TikTok,Video,Fitness,18789,1741,2015,56119,439,192372,11.72,23,Sunday,18,34,Positive,Macro,True,False,8,2024,22984,409.5582601258041,119.47684694238247,11.72,56119.0,18789.0,22984.0,True,macro
POST_04241,2024-08-05 05:12:00,LinkedIn,Article,Sports,1359,145,11,14036,145,492362,0.31,5,Monday,22,1097,Positive,Macro,True,True,8,2024,1660,118.26731262467939,3.3715030810663698,0.31,14036.0,1359.0,1660.0,True,macro
POST_04125,2024-08-06 03:22:00,TikTok,Video,Fitness,29207,222,1449,261817,1011,376032,8.21,3,Tuesday,16,193,Positive,Macro,True,False,8,2024,31889,121.79881367520062,84.80395285507616,8.21,261817.0,29207.0,31889.0,True,macro
POST_04410,2024-08-08 04:38:00,Facebook,Video,Health,7832,280,347,41443,132,348011,2.43,4,Thursday,6,206,Positive,Macro,True,True,8,2024,8591,207.29676905629418,24.686001304556466,2.43,41443.0,7832.0,8591.0,True,macro
POST_03143,2024-08-08 23:56:00,Facebook,Video,Fitness,4808,164,469,18006,571,294513,1.85,23,Thursday,8,215,Neutral,Macro,True,False,8,2024,6012,333.88870376541155,20.41336036100274,1.85,18006.0,4808.0,6012.0,True,macro
POST_02100,2024-08-09 14:38:00,Twitter,Thread,Sports,3683,256,129,34937,107,63371,6.42,14,Friday,23,127,Neutral,Mid-tier,True,True,8,2024,4175,119.50081575407162,65.88187025611083,6.42,34937.0,3683.0,4175.0,True,mid-tier
POST_04940,2024-08-10 00:20:00,TikTok,Stitch,Health,3214,127,2956,91030,1395,286438,2.2,0,Saturday,0,543,Negative,Macro,True,False,8,2024,7692,84.49961551136988,26.853978871518446,2.2,91030.0,3214.0,7692.0,True,macro
POST_03195,2024-08-11 04:32:00,Twitter,Poll,Fitness,3778,30,183,85008,474,17728,22.51,4,Sunday,15,958,Neutral,Micro,True,True,8,2024,4465,52.524468285337846,251.86146209386285,22.51,85008.0,3778.0,4465.0,True,micro
POST_01118,2024-08-11 16:29:00,TikTok,Stitch,Fitness,12455,196,1256,55775,2525,277747,5.01,16,Sunday,28,513,Neutral,Macro,True,False,8,2024,16432,294.6122814881219,59.16175512246757,5.01,55775.0,12455.0,16432.0,True,macro
POST_02987,2024-08-12 14:49:00,Instagram,Carousel,Sports,1236,438,41,37355,917,99618,1.72,14,Monday,3,1991,Positive,Mid-tier,True,True,8,2024,2632,70.45910855307187,26.420927944748943,1.72,37355.0,1236.0,2632.0,True,mid-tier
POST_04597,2024-08-13 09:45:00,LinkedIn,Article,Fitness,1770,51,349,5416,40,388683,0.56,9,Tuesday,19,1977,Positive,Macro,True,False,8,2024,2210,408.0502215657312,5.685867403513917,0.56,5416.0,1770.0,2210.0,True,macro
POST_03127,2024-08-13 14:22:00,LinkedIn,Post,Sports,1868,142,464,23956,197,225655,1.1,14,Tuesday,17,1835,Positive,Macro,True,False,8,2024,2671,111.49607613958925,11.83665329817642,1.1,23956.0,1868.0,2671.0,True,macro
POST_00258,2024-08-13 15:14:00,LinkedIn,Post,Fitness,1073,17,189,25942,97,363484,0.35,15,Tuesday,3,270,Positive,Macro,True,False,8,2024,1376,53.04140004625704,3.7855861606012917,0.35,25942.0,1073.0,1376.0,True,macro
POST_04879,2024-08-17 16:18:00,Twitter,Retweet,Fitness,595,193,1184,88463,95,211290,0.93,16,Saturday,21,1274,Positive,Macro,True,False,8,2024,2067,23.36570091450663,9.782763027119124,0.93,88463.0,595.0,2067.0,True,macro
POST_04301,2024-08-17 18:49:00,Instagram,Reel,Fitness,5180,156,190,7603,685,25310,21.83,18,Saturday,4,238,Neutral,Micro,False,True,8,2024,6211,816.9143759042483,245.39707625444487,21.83,7603.0,5180.0,6211.0,True,micro
POST_00275,2024-08-17 20:04:00,Facebook,Story,Fitness,1512,114,540,30786,175,152019,1.42,20,Saturday,24,566,Positive,Macro,True,True,8,2024,2341,76.04105762359514,15.399390865615482,1.42,30786.0,1512.0,2341.0,True,macro
POST_01839,2024-08-17 21:55:00,YouTube,Live,Sports,7486,641,125,690837,1781,201960,4.09,21,Saturday,22,346,Positive,Macro,True,True,8,2024,10033,14.52296272492643,49.6781540899188,4.09,690837.0,7486.0,10033.0,True,macro
POST_04027,2024-08-18 13:27:00,Twitter,Retweet,Fitness,1239,62,1997,99663,311,358400,0.92,13,Sunday,26,1406,Positive,Macro,False,False,8,2024,3609,36.21203455645525,10.069754464285714,0.92,99663.0,1239.0,3609.0,True,macro
POST_03871,2024-08-19 22:27:00,Twitter,Poll,Fitness,1903,297,1207,7044,302,125873,2.71,22,Monday,27,1802,Positive,Macro,True,True,8,2024,3709,526.5474162407722,29.46620800330492,2.71,7044.0,1903.0,3709.0,True,macro
POST_00090,2024-08-22 02:57:00,Facebook,Story,Sports,5721,36,100,75516,96,150411,3.89,2,Thursday,12,1219,Negative,Macro,True,False,8,2024,5953,78.83097621696064,39.57822233746202,3.89,75516.0,5721.0,5953.0,True,macro
POST_02208,2024-08-22 06:53:00,TikTok,Duet,Fitness,49337,1615,4162,217678,1949,306830,17.96,6,Thursday,13,335,Neutral,Macro,True,False,8,2024,57063,262.14408438151764,185.97594759312975,17.96,217678.0,47071.60000000001,52434.52000000001,True,macro
POST_02196,2024-08-23 10:26:00,Twitter,Poll,Fitness,3210,265,1267,24902,385,60623,7.82,10,Friday,24,1695,Negative,Mid-tier,True,False,8,2024,5127,205.8870773431853,84.57186216452502,7.82,24902.0,3210.0,5127.0,True,mid-tier
POST_00626,2024-08-23 16:35:00,Twitter,Tweet,Sports,4131,79,1374,25647,274,242389,2.3,16,Friday,27,123,Positive,Macro,True,False,8,2024,5858,228.4087807540843,24.167763388602616,2.3,25647.0,4131.0,5858.0,True,macro
POST_01259,2024-08-25 12:40:00,Instagram,Photo,Health,5846,485,216,46573,647,471174,1.39,12,Sunday,0,390,Negative,Macro,True,False,8,2024,7194,154.46718055525736,15.2682448522202,1.39,46573.0,5846.0,7194.0,True,macro
POST_03090,2024-08-25 16:41:00,Twitter,Tweet,Sports,4214,172,152,3170,116,52444,8.65,16,Sunday,28,915,Positive,Mid-tier,True,True,8,2024,4654,1468.1388012618297,88.74227747692777,8.65,3170.0,4214.0,4654.0,True,mid-tier
POST_02330,2024-08-26 02:09:00,Instagram,Photo,Fitness,5114,481,66,22696,349,336372,1.68,2,Monday,21,987,Positive,Macro,True,False,8,2024,6010,264.80437081424043,17.86712330396109,1.68,22696.0,5114.0,6010.0,True,macro
POST_02490,2024-08-27 06:43:00,Twitter,Poll,Sports,108,121,160,76724,403,114628,0.34,6,Tuesday,23,307,Positive,Macro,True,False,8,2024,792,10.322715186903707,6.909306626653174,0.34,76724.0,108.0,792.0,True,macro
POST_00128,2024-08-28 12:07:00,TikTok,Video,Fitness,2652,1341,4440,165322,2858,316023,2.67,12,Wednesday,13,336,Neutral,Macro,True,False,8,2024,11291,68.29702036026663,35.72841217253175,2.67,165322.0,2652.0,11291.0,True,macro
POST_02761,2024-08-29 05:42:00,Instagram,Reel,Sports,6652,42,98,29369,713,479397,1.42,5,Thursday,4,217,Neutral,Macro,True,True,8,2024,7505,255.54155742449518,15.655083365144131,1.42,29369.0,6652.0,7505.0,True,macro
POST_02984,2024-08-29 06:07:00,TikTok,Video,Health,22145,801,1682,109627,793,373865,6.59,6,Thursday,14,244,Neutral,Macro,True,False,8,2024,25421,231.88630538097365,67.99513193264949,6.59,109627.0,22145.0,25421.0,True,macro
POST_03881,2024-08-30 02:49:00,Facebook,Video,Sports,7577,157,598,26999,112,192301,4.33,2,Friday,23,142,Positive,Macro,True,False,8,2024,8444,312.7523241601541,43.91032807941716,4.33,26999.0,7577.0,8444.0,True,macro
POST_00111,2024-08-30 05:26:00,Twitter,Retweet,Sports,2363,131,1023,18563,78,29442,11.95,5,Friday,26,1242,Neutral,Micro,True,True,8,2024,3595,193.66481710930344,122.10447659805719,11.95,18563.0,2363.0,3595.0,True,micro
POST_04154,2024-08-31 23:38:00,Twitter,Thread,Sports,2664,36,1145,41920,412,240354,1.6,23,Saturday,25,1164,Neutral,Macro,True,False,8,2024,4257,101.55057251908397,17.711375720811805,1.6,41920.0,2664.0,4257.0,True,macro
POST_00279,2024-09-01 04:30:00,LinkedIn,Article,Sports,20,70,257,1230,263,193623,0.18,4,Sunday,9,427,Neutral,Macro,True,False,9,2024,610,495.9349593495935,3.1504521673561507,0.18,1230.0,20.0,610.0,True,macro
POST_00242,2024-09-01 08:28:00,YouTube,Live,Fitness,15340,652,1600,397907,3861,491565,3.58,8,Sunday,27,364,Positive,Macro,True,False,9,2024,21453,53.91460818734026,43.64224466754142,3.58,397907.0,15340.0,21453.0,True,macro
POST_00743,2024-09-01 13:40:00,LinkedIn,Document,Health,1177,133,355,29039,273,262228,0.63,13,Sunday,17,1788,Negative,Macro,False,False,9,2024,1938,66.73783532490789,7.390515124243025,0.63,29039.0,1177.0,1938.0,True,macro
POST_04261,2024-09-02 11:42:00,Instagram,Reel,Fitness,3391,201,22,18667,877,153859,2.35,11,Monday,1,568,Positive,Macro,True,False,9,2024,4491,240.58498955375796,29.189062713263443,2.35,18667.0,3391.0,4491.0,True,macro
POST_03953,2024-09-02 11:51:00,YouTube,Short,Health,2184,99,752,445843,4565,156097,1.94,11,Monday,22,17,Neutral,Macro,True,False,9,2024,7600,17.046359368656677,48.68767497133192,1.94,445843.0,2184.0,7600.0,True,macro
POST_02316,2024-09-02 16:48:00,Instagram,Carousel,Sports,5599,284,143,4834,750,428859,1.41,16,Monday,18,587,Neutral,Macro,True,True,9,2024,6776,1401.737691352917,15.800064823170318,1.41,4834.0,5599.0,6776.0,True,macro
POST_00411,2024-09-02 22:10:00,Twitter,Retweet,Fitness,794,222,57,17292,283,179059,0.6,22,Monday,0,1201,Neutral,Macro,True,False,9,2024,1356,78.4177654406662,7.572922891337492,0.6,17292.0,794.0,1356.0,True,macro
POST_00073,2024-09-03 18:05:00,Instagram,Reel,Health,5738,124,44,46202,894,41892,14.1,18,Tuesday,18,474,Positive,Micro,True,False,9,2024,6800,147.17977576728282,162.32216174926,14.1,46202.0,5738.0,6800.0,True,micro
POST_00750,2024-09-03 18:26:00,Facebook,Story,Sports,5422,362,217,75655,199,352360,1.7,18,Tuesday,1,1250,Neutral,Macro,True,False,9,2024,6200,81.95096160200913,17.595640821886708,1.7,75655.0,5422.0,6200.0,True,macro
POST_04882,2024-09-04 00:57:00,Facebook,Video,Fitness,3516,340,248,56685,630,469023,0.88,0,Wednesday,24,111,Positive,Macro,False,False,9,2024,4734,83.51415718444034,10.093321649471347,0.88,56685.0,3516.0,4734.0,True,macro
POST_01221,2024-09-04 08:42:00,YouTube,Short,Fitness,3499,140,1823,996433,4634,379485,1.44,8,Wednesday,29,185,Neutral,Macro,True,True,9,2024,10096,10.132141348188991,26.604477120307784,1.44,879754.8300000004,3499.0,10096.0,True,macro
POST_03579,2024-09-04 13:53:00,LinkedIn,Post,Health,1421,45,270,18218,164,246032,0.71,13,Wednesday,29,978,Positive,Macro,False,False,9,2024,1900,104.29245800856296,7.72257267347337,0.71,18218.0,1421.0,1900.0,True,macro
POST_04888,2024-09-04 17:25:00,LinkedIn,Post,Sports,933,108,378,16301,258,200595,0.71,17,Wednesday,28,342,Positive,Macro,True,False,9,2024,1677,102.87712410281578,8.360128617363344,0.71,16301.0,933.0,1677.0,True,macro
POST_03909,2024-09-05 04:51:00,Facebook,Post,Health,7764,29,839,36118,521,153098,5.64,4,Thursday,20,679,Negative,Macro,True,False,9,2024,9153,253.41934769367074,59.78523560072633,5.64,36118.0,7764.0,9153.0,True,macro
POST_00096,2024-09-05 15:51:00,Facebook,Post,Sports,7421,103,136,6039,300,125976,6.08,15,Thursday,19,663,Neutral,Macro,False,False,9,2024,7960,1318.0990230170557,63.18663872483647,6.08,6039.0,7421.0,7960.0,True,macro
POST_02190,2024-09-06 10:49:00,LinkedIn,Poll,Sports,872,74,439,22822,17,313760,0.44,10,Friday,22,1234,Positive,Macro,True,True,9,2024,1402,61.4319516256244,4.46838347781744,0.44,22822.0,872.0,1402.0,True,macro
POST_01256,2024-09-06 16:11:00,Twitter,Retweet,Sports,771,98,53,75385,129,394521,0.23,16,Friday,29,508,Positive,Macro,True,True,9,2024,1051,13.941765603236718,2.6639900030670103,0.23,75385.0,771.0,1051.0,True,macro
POST_00859,2024-09-07 21:25:00,Facebook,Story,Fitness,4789,315,868,38796,492,71920,8.3,21,Saturday,21,1093,Positive,Mid-tier,True,False,9,2024,6464,166.61511496030516,89.87764182424917,8.3,38796.0,4789.0,6464.0,True,mid-tier
POST_01516,2024-09-08 20:18:00,Instagram,Reel,Health,4176,106,260,49750,348,62439,7.27,20,Sunday,2,51,Positive,Mid-tier,True,False,9,2024,4890,98.29145728643215,78.31643684235814,7.27,49750.0,4176.0,4890.0,True,mid-tier
POST_01197,2024-09-09 23:40:00,YouTube,Short,Health,9610,353,148,464675,4961,174395,5.8,23,Monday,26,452,Neutral,Macro,True,False,9,2024,15072,32.43557325012105,86.42449611514091,5.8,464675.0,9610.0,15072.0,True,macro
POST_00085,2024-09-10 07:04:00,Twitter,Tweet,Fitness,679,106,1075,89662,313,430681,0.43,7,Tuesday,9,506,Neutral,Macro,True,True,9,2024,2173,24.23546206865785,5.0454977117634625,0.43,89662.0,679.0,2173.0,True,macro
POST_02312,2024-09-12 05:45:00,TikTok,Stitch,Fitness,33680,1766,871,359000,1988,345241,10.52,5,Thursday,27,268,Negative,Macro,False,True,9,2024,38305,106.6991643454039,110.95148027030393,10.52,359000.0,33680.0,38305.0,True,macro
POST_01703,2024-09-15 06:29:00,Twitter,Retweet,Fitness,1290,222,777,84449,62,453934,0.5,6,Sunday,26,1500,Neutral,Macro,False,False,9,2024,2351,27.839287617378535,5.1791670154692095,0.5,84449.0,1290.0,2351.0,True,macro
POST_01699,2024-09-15 19:51:00,YouTube,Community Post,Health,8096,843,174,703166,1374,3974,229.32,19,Sunday,16,134,Positive,Nano,True,False,9,2024,10487,14.913974794003124,2638.9028686462,167.99900000000105,703166.0,8096.0,10487.0,True,nano
POST_02251,2024-09-17 15:53:00,Instagram,Story,Health,8351,326,267,5992,161,233720,3.83,15,Tuesday,3,749,Positive,Macro,True,False,9,2024,9105,1519.5260347129506,38.956871470135205,3.83,5992.0,8351.0,9105.0,True,macro
POST_03520,2024-09-18 05:15:00,Instagram,Story,Health,6985,225,224,19608,963,128565,5.78,5,Wednesday,26,396,Positive,Macro,True,False,9,2024,8397,428.2435740514076,65.31326566328316,5.78,19608.0,6985.0,8397.0,True,macro
POST_02841,2024-09-20 00:47:00,Twitter,Poll,Health,2503,217,691,98083,461,379568,0.9,0,Friday,12,1774,Positive,Macro,True,False,9,2024,3872,39.476769674663295,10.201070690890697,0.9,98083.0,2503.0,3872.0,True,macro
POST_01731,2024-09-21 23:51:00,Twitter,Tweet,Sports,4242,222,1740,1637,45,170487,3.64,23,Saturday,21,379,Neutral,Macro,True,False,9,2024,6249,3817.348808796579,36.65382111246019,3.64,1637.0,4242.0,6249.0,True,macro
POST_00269,2024-09-23 12:20:00,Twitter,Thread,Fitness,3743,177,1863,5781,485,410220,1.41,12,Monday,10,1833,Positive,Macro,True,False,9,2024,6268,1084.2414807126795,15.279606065038273,1.41,5781.0,3743.0,6268.0,True,macro
POST_03453,2024-09-25 07:39:00,LinkedIn,Post,Fitness,1977,139,460,7498,291,233442,1.1,7,Wednesday,13,1307,Neutral,Macro,True,False,9,2024,2867,382.3686316351027,12.281423222899049,1.1,7498.0,1977.0,2867.0,True,macro
POST_00063,2024-09-26 16:48:00,TikTok,Duet,Fitness,25644,1549,2216,113007,1098,131815,22.31,16,Thursday,21,289,Positive,Macro,True,True,9,2024,30507,269.9567283442619,231.4380002275917,22.31,113007.0,25644.0,30507.0,True,macro
POST_03481,2024-09-26 19:53:00,Instagram,Carousel,Sports,8353,372,103,35909,415,438183,2.01,19,Thursday,18,695,Negative,Macro,True,False,9,2024,9243,257.4006516472194,21.093926510156713,2.01,35909.0,8353.0,9243.0,True,macro
POST_02444,2024-09-28 11:56:00,TikTok,Stitch,Sports,2634,188,3313,145657,2734,220194,2.79,11,Saturday,1,492,Neutral,Macro,False,False,9,2024,8869,60.889624254241134,40.27811838651371,2.79,145657.0,2634.0,8869.0,True,macro
POST_03652,2024-09-29 11:45:00,Twitter,Retweet,Sports,4137,25,1734,79943,473,92088,6.4,11,Sunday,16,1821,Neutral,Mid-tier,True,False,9,2024,6369,79.66926435084997,69.16210581183216,6.4,79943.0,4137.0,6369.0,True,mid-tier
POST_01342,2024-10-01 10:53:00,Facebook,Video,Sports,1424,277,765,23855,82,214533,1.15,10,Tuesday,18,274,Positive,Macro,True,False,10,2024,2548,106.81198910081743,11.876960654071869,1.15,23855.0,1424.0,2548.0,True,macro
POST_04620,2024-10-02 06:37:00,TikTok,Stitch,Health,40395,1274,3140,412282,1146,30778,145.59,6,Wednesday,17,23,Positive,Micro,True,False,10,2024,45955,111.46496815286625,1493.111963090519,145.59,412282.0,40395.0,45955.0,True,micro
POST_04591,2024-10-05 06:11:00,Facebook,Post,Sports,6166,141,671,73526,424,291182,2.4,6,Saturday,25,150,Neutral,Macro,True,True,10,2024,7402,100.67187117482251,25.420527367763118,2.4,73526.0,6166.0,7402.0,True,macro
POST_01478,2024-10-05 07:04:00,TikTok,Duet,Sports,44001,1515,531,136960,1073,4269,1078.64,7,Saturday,11,197,Positive,Nano,True,False,10,2024,47120,344.0420560747663,11037.713750292809,167.99900000000105,136960.0,44001.0,47120.0,True,nano
POST_04955,2024-10-05 10:39:00,Facebook,Story,Sports,6610,224,417,62222,357,64320,11.27,10,Saturday,1,1743,Positive,Mid-tier,True,False,10,2024,7608,122.27186525666163,118.28358208955224,11.27,62222.0,6610.0,7608.0,True,mid-tier
POST_04180,2024-10-05 15:05:00,Twitter,Retweet,Fitness,4512,143,461,67036,399,63181,8.1,15,Saturday,29,1758,Negative,Mid-tier,True,False,10,2024,5515,82.26922847425264,87.28890014403063,8.1,67036.0,4512.0,5515.0,True,mid-tier
POST_03154,2024-10-06 13:11:00,Twitter,Poll,Sports,4343,107,1370,41831,454,323645,1.8,13,Sunday,5,1767,Neutral,Macro,True,False,10,2024,6274,149.98446128469317,19.38543774814998,1.8,41831.0,4343.0,6274.0,True,macro
POST_01166,2024-10-06 14:31:00,TikTok,Duet,Sports,47721,1054,2982,392686,905,433593,11.94,14,Sunday,15,599,Positive,Macro,True,True,10,2024,52662,134.10714922355265,121.45491278687618,11.94,392686.0,47071.60000000001,52434.52000000001,True,macro
POST_03499,2024-10-06 18:57:00,Instagram,Carousel,Health,5453,57,288,39419,81,112730,5.14,18,Sunday,19,1494,Positive,Macro,True,False,10,2024,5879,149.14127704913875,52.15115763328307,5.14,39419.0,5453.0,5879.0,True,macro
POST_02071,2024-10-07 23:16:00,TikTok,Stitch,Health,17515,1505,1511,75511,1935,163073,12.59,23,Monday,19,84,Neutral,Macro,True,False,10,2024,22466,297.51956668564844,137.76652174179662,12.59,75511.0,17515.0,22466.0,True,macro
POST_02641,2024-10-08 10:33:00,Twitter,Poll,Fitness,4227,204,1198,14910,123,381800,1.47,10,Tuesday,11,1395,Negative,Macro,True,False,10,2024,5752,385.7813547954393,15.065479308538501,1.47,14910.0,4227.0,5752.0,True,macro
POST_00314,2024-10-09 17:00:00,YouTube,Short,Sports,6815,431,653,142879,2032,271204,2.91,17,Wednesday,14,68,Positive,Macro,True,True,10,2024,9931,69.5063655260745,36.618191472102176,2.91,142879.0,6815.0,9931.0,True,macro
POST_03169,2024-10-10 15:04:00,TikTok,Stitch,Sports,16740,825,3011,153873,1492,322956,6.37,15,Thursday,5,449,Negative,Macro,False,False,10,2024,22068,143.4169737380827,68.33128971129194,6.37,153873.0,16740.0,22068.0,True,macro
POST_00028,2024-10-11 14:40:00,Facebook,Story,Fitness,4953,92,312,48935,775,104780,5.11,14,Friday,24,310,Positive,Macro,True,True,10,2024,6132,125.30908347808317,58.52261882038557,5.11,48935.0,4953.0,6132.0,True,macro
POST_00807,2024-10-12 07:07:00,YouTube,Short,Sports,9152,239,1364,936454,2415,444385,2.42,7,Saturday,9,65,Positive,Macro,True,False,10,2024,13170,14.063691329205707,29.636463877043553,2.42,879754.8300000004,9152.0,13170.0,True,macro
POST_00937,2024-10-12 17:19:00,Instagram,Story,Fitness,6242,146,47,45206,294,206748,3.11,17,Saturday,27,229,Neutral,Macro,False,True,10,2024,6729,148.85192231119763,32.546868651691916,3.11,45206.0,6242.0,6729.0,True,macro
POST_04530,2024-10-14 03:55:00,Instagram,Story,Sports,7406,79,243,48741,688,226968,3.4,3,Monday,4,1174,Negative,Macro,True,False,10,2024,8416,172.66777456350914,37.080117020901625,3.4,48741.0,7406.0,8416.0,True,macro
POST_04950,2024-10-14 12:06:00,TikTok,Video,Sports,25677,1800,915,206707,1649,284637,9.97,12,Monday,22,173,Positive,Macro,True,False,10,2024,30041,145.33131437251762,105.54144401465726,9.97,206707.0,25677.0,30041.0,True,macro
POST_01664,2024-10-14 15:54:00,Facebook,Video,Health,4328,49,467,29117,415,352942,1.37,15,Monday,17,503,Negative,Macro,False,True,10,2024,5259,180.61613490400796,14.900465232247791,1.37,29117.0,4328.0,5259.0,True,macro
POST_04662,2024-10-15 11:04:00,Facebook,Video,Health,6752,40,284,14448,175,204883,3.45,11,Tuesday,1,48,Positive,Macro,True,False,10,2024,7251,501.86877076411963,35.3909304334669,3.45,14448.0,6752.0,7251.0,True,macro
POST_04754,2024-10-16 12:32:00,Facebook,Post,Health,6528,97,872,67815,391,77182,9.71,12,Wednesday,22,1748,Positive,Mid-tier,False,False,10,2024,7888,116.31644916316449,102.19999481744448,9.71,67815.0,6528.0,7888.0,True,mid-tier
POST_03617,2024-10-16 22:47:00,Facebook,Story,Health,5319,342,173,18745,699,160178,3.64,22,Wednesday,16,844,Positive,Macro,True,False,10,2024,6533,348.5196052280608,40.78587571326899,3.64,18745.0,5319.0,6533.0,True,macro
POST_02287,2024-10-17 14:40:00,YouTube,Live,Fitness,16691,995,194,490139,142,21153,84.53,14,Thursday,16,52,Positive,Micro,True,False,10,2024,18022,36.769161401153546,851.9831702359003,84.53,490139.0,16691.0,18022.0,True,micro
POST_02721,2024-10-17 18:15:00,TikTok,Video,Sports,7926,1019,4492,388615,2867,345102,3.89,18,Thursday,29,521,Neutral,Macro,True,False,10,2024,16304,41.954119115319784,47.24400322223574,3.89,388615.0,7926.0,16304.0,True,macro
POST_03301,2024-10-18 10:03:00,Twitter,Poll,Health,4418,81,80,21243,406,262654,1.74,10,Friday,0,1505,Neutral,Macro,True,False,10,2024,4985,234.66553688273783,18.979341643378742,1.74,21243.0,4418.0,4985.0,True,macro
POST_02583,2024-10-19 14:10:00,Facebook,Story,Health,7596,81,22,77393,777,10947,70.33,14,Saturday,14,971,Negative,Micro,True,False,10,2024,8476,109.5189487421343,774.2760573673152,70.33,77393.0,7596.0,8476.0,True,micro
POST_03166,2024-10-21 13:11:00,Facebook,Post,Sports,7771,341,928,20515,244,177586,5.09,13,Monday,29,1593,Positive,Macro,True,True,10,2024,9284,452.5469168900804,52.278895858907795,5.09,20515.0,7771.0,9284.0,True,macro
POST_00947,2024-10-21 22:05:00,Instagram,Carousel,Health,6424,258,298,24007,19,395850,1.76,22,Monday,19,563,Positive,Macro,True,True,10,2024,6999,291.5399675094764,17.680939749905267,1.76,24007.0,6424.0,6999.0,True,macro
POST_02863,2024-10-22 14:24:00,YouTube,Live,Fitness,15782,166,651,781331,3956,119415,13.9,14,Tuesday,12,463,Neutral,Macro,True,True,10,2024,20555,26.30767242052344,172.1308043378135,13.9,781331.0,15782.0,20555.0,True,macro
POST_00026,2024-10-23 02:54:00,TikTok,Duet,Fitness,25205,501,3641,430658,1269,461148,6.36,2,Wednesday,12,303,Positive,Macro,False,False,10,2024,30616,71.09121390987744,66.39083331164831,6.36,430658.0,25205.0,30616.0,True,macro
POST_01054,2024-10-23 07:52:00,TikTok,Stitch,Sports,43495,766,2004,402152,2552,221063,20.93,7,Wednesday,24,32,Neutral,Macro,True,False,10,2024,48817,121.38942489406989,220.8284516178646,20.93,402152.0,43495.0,48817.0,True,macro
POST_03182,2024-10-23 09:33:00,Twitter,Tweet,Fitness,2088,185,809,59491,105,239208,1.29,9,Wednesday,12,1263,Positive,Macro,True,True,10,2024,3187,53.57112840597737,13.323133005585097,1.29,59491.0,2088.0,3187.0,True,macro
POST_02468,2024-10-23 12:09:00,Instagram,Reel,Health,3346,271,42,19576,75,317696,1.15,12,Wednesday,15,442,Positive,Macro,True,False,10,2024,3734,190.74376787903554,11.753374294923448,1.15,19576.0,3346.0,3734.0,True,macro
POST_01321,2024-10-23 18:17:00,Instagram,Reel,Sports,5114,297,231,33990,81,68299,8.26,18,Wednesday,11,428,Positive,Mid-tier,True,False,10,2024,5723,168.37305089732274,83.79332054642089,8.26,33990.0,5114.0,5723.0,True,mid-tier
POST_01767,2024-10-24 14:46:00,LinkedIn,Poll,Health,1656,137,356,27015,215,434224,0.49,14,Thursday,0,459,Positive,Macro,True,False,10,2024,2364,87.50694058856192,5.4441947013522975,0.49,27015.0,1656.0,2364.0,True,macro
POST_01475,2024-10-25 08:54:00,Twitter,Poll,Health,1970,226,1786,51629,475,15038,26.48,8,Friday,25,1877,Neutral,Micro,True,False,10,2024,4457,86.32745162602413,296.38249767256286,26.48,51629.0,1970.0,4457.0,True,micro
POST_03643,2024-10-26 22:28:00,Facebook,Story,Fitness,7716,364,688,19194,199,40484,21.66,22,Saturday,26,666,Negative,Micro,True,False,10,2024,8967,467.17724288840265,221.49491157000296,21.66,19194.0,7716.0,8967.0,True,micro
POST_04247,2024-10-27 02:24:00,Twitter,Thread,Health,4752,153,17,91826,83,58933,8.35,2,Sunday,18,947,Neutral,Mid-tier,True,False,10,2024,5005,54.50525994816282,84.92695094429267,8.35,91826.0,4752.0,5005.0,True,mid-tier
POST_03892,2024-10-28 12:25:00,Facebook,Live,Sports,2883,300,764,53700,319,365645,1.08,12,Monday,4,558,Negative,Macro,True,True,10,2024,4266,79.44134078212291,11.667054109860656,1.08,53700.0,2883.0,4266.0,True,macro
POST_02373,2024-10-28 17:44:00,LinkedIn,Poll,Health,1749,48,259,23678,176,354337,0.58,17,Monday,4,1325,Neutral,Macro,True,False,10,2024,2232,94.2647183039108,6.299088156190294,0.58,23678.0,1749.0,2232.0,True,macro
POST_00481,2024-10-29 00:53:00,Facebook,Story,Health,5974,85,938,54005,713,434445,1.61,0,Tuesday,26,1058,Positive,Macro,True,False,10,2024,7710,142.7645588371447,17.746780374961155,1.61,54005.0,5974.0,7710.0,True,macro
POST_01922,2024-10-29 06:48:00,Instagram,Carousel,Health,1898,353,135,35429,450,23047,10.35,6,Tuesday,17,1672,Neutral,Micro,True,False,10,2024,2836,80.04741878122442,123.05289191651842,10.35,35429.0,1898.0,2836.0,True,micro
POST_01743,2024-11-01 13:03:00,TikTok,Video,Health,10349,273,2899,241149,2859,180160,7.5,13,Friday,3,223,Negative,Macro,True,True,11,2024,16380,67.92480997225782,90.91918294849023,7.5,241149.0,10349.0,16380.0,True,macro
POST_03525,2024-11-01 15:51:00,Instagram,Carousel,Fitness,4991,143,54,1105,615,345675,1.5,15,Friday,24,203,Positive,Macro,True,True,11,2024,5803,5251.58371040724,16.78744485427063,1.5,1105.0,4991.0,5803.0,True,macro
POST_00427,2024-11-01 18:37:00,Twitter,Tweet,Fitness,4014,143,1114,80311,50,36622,14.39,18,Friday,29,764,Negative,Micro,True,False,11,2024,5321,66.25493394429157,145.29517776200098,14.39,80311.0,4014.0,5321.0,True,micro
POST_03696,2024-11-01 18:47:00,Instagram,Reel,Fitness,349,287,241,33831,947,218664,0.4,18,Friday,9,159,Neutral,Macro,True,False,11,2024,1824,53.91504832845615,8.341565141038306,0.4,33831.0,349.0,1824.0,True,macro
POST_03702,2024-11-02 09:42:00,LinkedIn,Document,Health,819,17,112,13627,98,100351,0.94,9,Saturday,18,1120,Neutral,Macro,True,True,11,2024,1046,76.75937477067586,10.423413817500574,0.94,13627.0,819.0,1046.0,True,macro
POST_04485,2024-11-02 15:18:00,Instagram,Photo,Health,5662,439,6,10723,211,349704,1.75,15,Saturday,23,1370,Positive,Macro,False,False,11,2024,6318,589.2007833628649,18.066707844348365,1.75,10723.0,5662.0,6318.0,True,macro
POST_01068,2024-11-03 12:11:00,Instagram,Photo,Health,7949,354,175,29387,102,232464,3.65,12,Sunday,1,1973,Neutral,Macro,True,False,11,2024,8580,291.96583523326643,36.90894073921123,3.65,29387.0,7949.0,8580.0,True,macro
POST_00742,2024-11-04 03:03:00,Twitter,Poll,Health,4308,128,293,20014,141,35776,13.22,3,Monday,8,966,Positive,Micro,False,False,11,2024,4870,243.32966923153793,136.1247763864043,13.22,20014.0,4308.0,4870.0,True,micro
POST_01789,2024-11-04 13:42:00,Instagram,Reel,Fitness,9190,147,57,12124,961,397666,2.36,13,Monday,17,562,Negative,Macro,True,False,11,2024,10355,854.0910590564171,26.039440133177088,2.36,12124.0,9190.0,10355.0,True,macro
POST_04133,2024-11-04 19:31:00,LinkedIn,Document,Sports,139,64,30,12751,206,482073,0.05,19,Monday,2,1359,Neutral,Macro,True,False,11,2024,439,34.42867226099914,0.9106504616520735,0.05,12751.0,139.0,439.0,True,macro
POST_04224,2024-11-05 16:34:00,TikTok,Duet,Fitness,47811,1339,3748,467081,2571,223876,23.63,16,Tuesday,10,595,Neutral,Macro,True,False,11,2024,55469,118.75670386935028,247.76662080794725,23.63,467081.0,47071.60000000001,52434.52000000001,True,macro
POST_03338,2024-11-05 16:51:00,TikTok,Video,Fitness,10473,473,1791,382987,2838,20341,62.62,16,Tuesday,20,107,Positive,Micro,True,False,11,2024,15575,40.66717669268147,765.694901922226,62.62,382987.0,10473.0,15575.0,True,micro
POST_03622,2024-11-06 07:13:00,Instagram,Reel,Sports,2294,248,119,21477,917,27654,9.62,7,Wednesday,25,181,Positive,Micro,True,False,11,2024,3578,166.59682450994086,129.38453749909598,9.62,21477.0,2294.0,3578.0,True,micro
POST_03570,2024-11-06 19:52:00,TikTok,Stitch,Health,29928,949,3729,53754,1677,420092,8.24,19,Wednesday,5,364,Positive,Macro,False,False,11,2024,36283,674.9823268966031,86.36917627567294,8.24,53754.0,29928.0,36283.0,True,macro
POST_03096,2024-11-07 18:08:00,LinkedIn,Document,Sports,1318,145,330,18661,64,153052,1.17,18,Thursday,13,109,Positive,Macro,True,True,11,2024,1857,99.51235196398906,12.133131223375061,1.17,18661.0,1318.0,1857.0,True,macro
POST_03735,2024-11-08 09:13:00,Instagram,Photo,Fitness,490,119,125,35571,660,94558,0.78,9,Friday,28,454,Negative,Mid-tier,True,False,11,2024,1394,39.18922717944393,14.742274582795744,0.78,35571.0,490.0,1394.0,True,mid-tier
POST_03420,2024-11-08 10:36:00,Instagram,Photo,Health,8235,417,260,39290,365,375513,2.37,10,Friday,19,581,Positive,Macro,False,False,11,2024,9277,236.1160600661746,24.704870403954057,2.37,39290.0,8235.0,9277.0,True,macro
POST_02460,2024-11-08 16:02:00,Twitter,Tweet,Sports,1375,153,354,64211,162,389290,0.48,16,Friday,4,473,Neutral,Macro,True,False,11,2024,2044,31.832552054943854,5.250584397235994,0.48,64211.0,1375.0,2044.0,True,macro
POST_03097,2024-11-09 05:50:00,YouTube,Short,Fitness,7036,379,413,999256,355,169196,4.63,5,Saturday,19,356,Negative,Macro,False,False,11,2024,8183,8.189092684957608,48.36402751838105,4.63,879754.8300000004,7036.0,8183.0,True,macro
POST_00328,2024-11-09 08:14:00,Facebook,Live,Fitness,1921,321,53,37778,162,449084,0.51,8,Saturday,14,194,Neutral,Macro,True,True,11,2024,2457,65.03785271851342,5.471136802914377,0.51,37778.0,1921.0,2457.0,True,macro
POST_04881,2024-11-10 13:43:00,Instagram,Reel,Fitness,2098,113,126,26163,215,79312,2.95,13,Sunday,0,47,Neutral,Mid-tier,True,True,11,2024,2552,97.54233077246494,32.17671979019568,2.95,26163.0,2098.0,2552.0,True,mid-tier
POST_02301,2024-11-11 11:26:00,TikTok,Video,Health,10214,647,3028,159672,2283,465517,2.98,11,Monday,28,74,Positive,Macro,True,False,11,2024,16172,101.28262939025001,34.739869865117704,2.98,159672.0,10214.0,16172.0,True,macro
POST_00878,2024-11-11 15:01:00,LinkedIn,Post,Fitness,1891,8,153,14203,215,244865,0.84,15,Monday,27,434,Neutral,Macro,True,True,11,2024,2267,159.61416602126312,9.258162661058133,0.84,14203.0,1891.0,2267.0,True,macro
POST_00220,2024-11-13 07:51:00,TikTok,Duet,Sports,1149,43,2331,71697,865,361654,0.97,7,Wednesday,2,99,Positive,Macro,True,True,11,2024,4388,61.2020028732025,12.13314383360892,0.97,71697.0,1149.0,4388.0,True,macro
POST_03363,2024-11-13 14:31:00,LinkedIn,Post,Health,391,8,162,12666,122,301866,0.19,14,Wednesday,1,216,Neutral,Macro,True,False,11,2024,683,53.92389073109111,2.262593336116025,0.19,12666.0,391.0,683.0,True,macro
POST_00771,2024-11-13 16:25:00,Instagram,Story,Fitness,9815,121,276,11890,414,317167,3.22,16,Wednesday,9,1830,Positive,Macro,False,False,11,2024,10626,893.6921783010933,33.502854962842925,3.22,11890.0,9815.0,10626.0,True,macro
POST_04313,2024-11-14 01:37:00,Instagram,Reel,Sports,9015,395,173,8709,244,434566,2.21,1,Thursday,28,67,Neutral,Macro,True,False,11,2024,9827,1128.3729475255482,22.613365978930705,2.21,8709.0,9015.0,9827.0,True,macro
POST_00412,2024-11-14 17:00:00,YouTube,Community Post,Fitness,10365,498,1721,143857,299,331039,3.8,17,Thursday,15,498,Neutral,Macro,True,False,11,2024,12883,89.55421008362471,38.91686478028269,3.8,143857.0,10365.0,12883.0,True,macro
POST_03292,2024-11-15 22:24:00,TikTok,Video,Sports,11143,1388,1978,441303,115,303900,4.77,22,Friday,20,407,Neutral,Macro,True,False,11,2024,14624,33.138229289173196,48.12109246462652,4.77,441303.0,11143.0,14624.0,True,macro
POST_04460,2024-11-16 02:40:00,Facebook,Video,Sports,6230,72,952,30027,731,359085,2.02,2,Saturday,8,276,Neutral,Macro,True,False,11,2024,7985,265.92733206780565,22.237074787306625,2.02,30027.0,6230.0,7985.0,True,macro
POST_01279,2024-11-16 03:15:00,Instagram,Photo,Sports,3147,445,254,42680,651,378718,1.02,3,Saturday,11,1886,Negative,Macro,True,False,11,2024,4497,105.36551077788191,11.87427056543391,1.02,42680.0,3147.0,4497.0,True,macro
POST_00875,2024-11-16 06:48:00,Instagram,Reel,Health,3131,498,235,16157,253,88978,4.34,6,Saturday,9,393,Neutral,Mid-tier,True,False,11,2024,4117,254.8121557219781,46.26986446087797,4.34,16157.0,3131.0,4117.0,True,mid-tier
POST_03382,2024-11-16 10:53:00,Twitter,Retweet,Sports,312,68,832,43019,53,199315,0.61,10,Saturday,11,277,Neutral,Macro,True,True,11,2024,1265,29.405611473999862,6.346737576198479,0.61,43019.0,312.0,1265.0,True,macro
POST_01272,2024-11-16 19:24:00,TikTok,Duet,Fitness,2602,1231,301,67325,1074,40152,10.3,19,Saturday,3,546,Neutral,Micro,True,False,11,2024,5208,77.35610842926106,129.7071129707113,10.3,67325.0,2602.0,5208.0,True,micro
POST_01749,2024-11-16 20:03:00,TikTok,Video,Health,8874,680,4653,400037,1235,30480,46.61,20,Saturday,5,288,Positive,Micro,True,False,11,2024,15442,38.601429367783474,506.6272965879265,46.61,400037.0,8874.0,15442.0,True,micro
POST_01836,2024-11-17 00:45:00,LinkedIn,Article,Health,211,137,486,18492,52,411961,0.2,0,Sunday,28,333,Positive,Macro,False,False,11,2024,886,47.91261085874973,2.1506890215335916,0.2,18492.0,211.0,886.0,True,macro
POST_03287,2024-11-18 12:28:00,Twitter,Tweet,Health,4145,24,1545,42534,225,446349,1.28,12,Monday,4,1685,Positive,Macro,True,False,11,2024,5939,139.62947289227444,13.30573161360281,1.28,42534.0,4145.0,5939.0,True,macro
POST_02215,2024-11-18 15:57:00,LinkedIn,Document,Health,1436,65,445,16767,47,180422,1.08,15,Monday,11,1034,Neutral,Macro,False,False,11,2024,1993,118.86443609470984,11.046324727583112,1.08,16767.0,1436.0,1993.0,True,macro
POST_02426,2024-11-18 17:20:00,YouTube,Short,Sports,13220,590,1307,488182,4624,185785,8.14,17,Monday,6,93,Positive,Macro,True,False,11,2024,19741,40.437787546447844,106.25723282288666,8.14,488182.0,13220.0,19741.0,True,macro
POST_00330,2024-11-19 03:47:00,Instagram,Carousel,Health,5505,71,139,18661,976,447467,1.28,3,Tuesday,16,224,Neutral,Macro,True,False,11,2024,6691,358.55527570869725,14.9530579908686,1.28,18661.0,5505.0,6691.0,True,macro
POST_00133,2024-11-19 08:13:00,Instagram,Carousel,Health,1670,50,48,24264,488,319928,0.55,8,Tuesday,19,315,Positive,Macro,True,False,11,2024,2256,92.97725024727991,7.051586606986572,0.55,24264.0,1670.0,2256.0,True,macro
POST_02246,2024-11-19 15:19:00,Facebook,Live,Health,4987,314,177,23520,522,236677,2.31,15,Tuesday,3,490,Neutral,Macro,True,True,11,2024,6000,255.10204081632654,25.35100580115516,2.31,23520.0,4987.0,6000.0,True,macro
POST_03111,2024-11-20 11:09:00,Facebook,Video,Fitness,6139,54,597,47235,730,118923,5.71,11,Wednesday,6,226,Positive,Macro,True,False,11,2024,7520,159.20398009950247,63.234193553812126,5.71,47235.0,6139.0,7520.0,True,macro
POST_04970,2024-11-22 22:00:00,Twitter,Thread,Sports,763,20,1592,83293,278,39799,5.97,22,Friday,29,180,Negative,Micro,True,False,11,2024,2653,31.851416085385324,66.65996633081234,5.97,83293.0,763.0,2653.0,True,micro
POST_01718,2024-11-23 21:08:00,LinkedIn,Poll,Health,182,116,50,26326,73,153733,0.23,21,Saturday,14,861,Neutral,Macro,True,False,11,2024,421,15.991795183468813,2.738514177177314,0.23,26326.0,182.0,421.0,True,macro
POST_01057,2024-11-24 07:19:00,TikTok,Stitch,Health,47482,767,1792,427058,1124,285629,17.52,7,Sunday,24,296,Neutral,Macro,True,False,11,2024,51165,119.80808227453882,179.13097059472253,17.52,427058.0,47071.60000000001,51165.0,True,macro
POST_01442,2024-11-25 07:26:00,Instagram,Photo,Sports,325,214,140,6217,565,389995,0.17,7,Monday,19,400,Positive,Macro,True,False,11,2024,1244,200.09650957053242,3.189784484416467,0.17,6217.0,325.0,1244.0,True,macro
POST_00213,2024-11-25 14:28:00,LinkedIn,Document,Health,747,62,264,8803,257,324188,0.33,14,Monday,21,1067,Negative,Macro,True,False,11,2024,1330,151.08485743496536,4.102557775118141,0.33,8803.0,747.0,1330.0,True,macro
POST_01759,2024-11-25 16:12:00,Instagram,Reel,Health,2543,371,137,4076,942,404883,0.75,16,Monday,1,524,Positive,Macro,True,True,11,2024,3993,979.6368989205104,9.862108312771838,0.75,4076.0,2543.0,3993.0,True,macro
POST_04126,2024-11-27 05:00:00,LinkedIn,Document,Fitness,1167,149,482,19846,223,348735,0.52,5,Wednesday,13,1320,Neutral,Macro,True,False,11,2024,2021,101.83412274513756,5.795231336114815,0.52,19846.0,1167.0,2021.0,True,macro
POST_02591,2024-11-27 14:01:00,TikTok,Video,Health,47131,759,728,109720,1671,409917,11.86,14,Wednesday,15,484,Positive,Macro,True,False,11,2024,50289,458.33940940576014,122.68093296935722,11.86,109720.0,47071.60000000001,50289.0,True,macro
POST_02595,2024-11-27 22:41:00,Instagram,Reel,Health,1324,130,107,37543,631,193324,0.81,22,Wednesday,1,588,Neutral,Macro,True,True,11,2024,2192,58.38638361345657,11.338478409302517,0.81,37543.0,1324.0,2192.0,True,macro
POST_02376,2024-11-27 23:29:00,Twitter,Thread,Fitness,1230,134,37,7212,84,307435,0.46,23,Wednesday,28,1454,Positive,Macro,True,False,11,2024,1485,205.90682196339435,4.8302893294517535,0.46,7212.0,1230.0,1485.0,True,macro
POST_04607,2024-11-28 02:45:00,TikTok,Duet,Fitness,23725,59,3194,87307,2482,307496,8.77,2,Thursday,7,209,Neutral,Macro,True,False,11,2024,29460,337.4299884316263,95.80612430730807,8.77,87307.0,23725.0,29460.0,True,macro
POST_02568,2024-11-28 14:56:00,Twitter,Poll,Health,3081,153,1350,41149,68,132809,3.45,14,Thursday,3,306,Negative,Macro,True,False,11,2024,4652,113.05256506840992,35.02774661355782,3.45,41149.0,3081.0,4652.0,True,macro
POST_02449,2024-11-28 15:11:00,Instagram,Photo,Fitness,8068,373,63,45649,478,188807,4.5,15,Thursday,15,556,Positive,Macro,True,False,11,2024,8982,196.76225108983766,47.57238873558713,4.5,45649.0,8068.0,8982.0,True,macro
POST_00929,2024-11-28 21:30:00,Facebook,Video,Health,1062,311,449,14421,684,364603,0.5,21,Thursday,20,520,Positive,Macro,True,False,11,2024,2506,173.7743568407184,6.8732292383770845,0.5,14421.0,1062.0,2506.0,True,macro
POST_03314,2024-11-29 01:29:00,Instagram,Story,Health,2496,449,268,49303,664,431701,0.74,1,Friday,23,1303,Neutral,Macro,True,False,11,2024,3877,78.63618846723324,8.980752882203193,0.74,49303.0,2496.0,3877.0,True,macro
POST_03778,2024-11-29 05:01:00,Facebook,Live,Fitness,6796,372,181,69682,640,379152,1.94,5,Friday,29,491,Positive,Macro,False,True,11,2024,7989,114.64940730748256,21.070705152550957,1.94,69682.0,6796.0,7989.0,True,macro
POST_01644,2024-11-29 08:33:00,Facebook,Story,Fitness,5348,393,653,27245,505,163033,3.92,8,Friday,24,1836,Negative,Macro,True,False,11,2024,6899,253.22077445402823,42.31658621260726,3.92,27245.0,5348.0,6899.0,True,macro
POST_04030,2024-11-29 18:01:00,Twitter,Tweet,Fitness,1763,274,1605,31075,25,70550,5.16,18,Friday,2,1653,Neutral,Mid-tier,False,True,11,2024,3667,118.0048270313757,51.97732104890149,5.16,31075.0,1763.0,3667.0,True,mid-tier
POST_04275,2024-11-29 21:28:00,Facebook,Story,Fitness,3701,255,754,7362,168,371194,1.27,21,Friday,10,901,Neutral,Macro,True,False,11,2024,4878,662.5916870415648,13.14137620758956,1.27,7362.0,3701.0,4878.0,True,macro
POST_03277,2024-11-30 04:19:00,TikTok,Video,Health,3155,667,1678,132615,1791,352872,1.56,4,Saturday,24,292,Positive,Macro,True,True,11,2024,7291,54.97869773404215,20.661883062413565,1.56,132615.0,3155.0,7291.0,True,macro
POST_03093,2024-11-30 15:37:00,Twitter,Retweet,Fitness,3743,231,164,78093,253,489732,0.84,15,Saturday,17,490,Negative,Macro,True,False,11,2024,4391,56.22783091954465,8.966128413091242,0.84,78093.0,3743.0,4391.0,True,macro
POST_03428,2024-12-01 09:12:00,Facebook,Video,Fitness,1737,145,321,79891,239,33301,6.62,9,Sunday,28,564,Positive,Micro,True,False,12,2024,2442,30.566647056614638,73.33113119726134,6.62,79891.0,1737.0,2442.0,True,micro
POST_01336,2024-12-01 18:00:00,LinkedIn,Article,Fitness,1911,61,164,19491,75,101322,2.11,18,Sunday,20,1359,Neutral,Macro,False,False,12,2024,2211,113.4369709096506,21.821519512050692,2.11,19491.0,1911.0,2211.0,True,macro
POST_03929,2024-12-02 05:06:00,LinkedIn,Document,Fitness,218,1,107,2858,275,466722,0.07,5,Monday,8,854,Positive,Macro,False,False,12,2024,601,210.28691392582223,1.2877044578999917,0.07,2858.0,218.0,601.0,True,macro
POST_04004,2024-12-03 08:19:00,Instagram,Photo,Fitness,8263,343,243,22744,915,488655,1.81,8,Tuesday,22,245,Negative,Macro,True,True,12,2024,9764,429.3000351741119,19.981377454441272,1.81,22744.0,8263.0,9764.0,True,macro
POST_04512,2024-12-05 01:10:00,Facebook,Post,Health,5058,397,224,26975,83,420749,1.35,1,Thursday,15,1171,Positive,Macro,True,False,12,2024,5762,213.60518999073216,13.694625536840254,1.35,26975.0,5058.0,5762.0,True,macro
POST_01960,2024-12-05 11:18:00,TikTok,Video,Sports,15700,1748,2477,197811,503,286054,6.97,11,Thursday,11,286,Neutral,Macro,True,False,12,2024,20428,103.27029336083433,71.41308983618477,6.97,197811.0,15700.0,20428.0,True,macro
POST_02036,2024-12-05 15:29:00,Twitter,Poll,Health,2919,194,1771,50262,149,70375,6.94,15,Thursday,3,584,Positive,Mid-tier,True,False,12,2024,5033,100.13529107476822,71.51687388987567,6.94,50262.0,2919.0,5033.0,True,mid-tier
POST_01144,2024-12-05 18:54:00,Facebook,Live,Fitness,5223,375,835,74311,793,362709,1.77,18,Thursday,25,569,Neutral,Macro,True,False,12,2024,7226,97.23997793058902,19.922306863077566,1.77,74311.0,5223.0,7226.0,True,macro
POST_03935,2024-12-05 23:24:00,Twitter,Retweet,Fitness,4859,62,1160,80229,56,87675,6.94,23,Thursday,28,942,Neutral,Mid-tier,True,False,12,2024,6137,76.49353724962295,69.99714856002282,6.94,80229.0,4859.0,6137.0,True,mid-tier
POST_03064,2024-12-08 07:34:00,Facebook,Post,Health,5374,246,322,48376,548,295782,2.01,7,Sunday,15,1983,Positive,Macro,True,True,12,2024,6490,134.15743343806847,21.941835541040362,2.01,48376.0,5374.0,6490.0,True,macro
POST_00703,2024-12-10 19:08:00,Twitter,Retweet,Fitness,1394,48,274,58263,315,388954,0.44,19,Tuesday,14,1903,Negative,Macro,True,True,12,2024,2031,34.859173060089596,5.22169716727428,0.44,58263.0,1394.0,2031.0,True,macro
POST_04361,2024-12-12 18:27:00,Instagram,Carousel,Sports,3209,256,212,6474,40,181029,2.03,18,Thursday,17,1539,Positive,Macro,True,False,12,2024,3717,574.1427247451344,20.532621845118737,2.03,6474.0,3209.0,3717.0,True,macro
POST_00678,2024-12-12 21:38:00,Twitter,Thread,Sports,3287,204,89,56103,34,40112,8.93,21,Thursday,26,263,Positive,Micro,True,True,12,2024,3614,64.41723259005758,90.09772636617471,8.93,56103.0,3287.0,3614.0,True,micro
POST_03474,2024-12-13 14:08:00,LinkedIn,Post,Sports,864,26,422,12755,170,338075,0.39,14,Friday,18,1195,Neutral,Macro,True,False,12,2024,1482,116.18972951783614,4.383642682836649,0.39,12755.0,864.0,1482.0,True,macro
POST_03194,2024-12-14 05:06:00,Twitter,Retweet,Sports,226,295,1968,52025,475,7298,34.11,5,Saturday,9,1595,Negative,Nano,True,True,12,2024,2964,56.97260932244114,406.1386681282543,34.11,52025.0,226.0,2964.0,True,nano
POST_02332,2024-12-16 13:19:00,Instagram,Photo,Fitness,8257,281,299,37929,297,461436,1.92,13,Monday,12,133,Neutral,Macro,True,False,12,2024,9134,240.81837116718077,19.794727762896695,1.92,37929.0,8257.0,9134.0,True,macro
POST_02760,2024-12-16 17:44:00,Instagram,Carousel,Health,9359,111,279,45683,979,356015,2.74,17,Monday,29,1549,Positive,Macro,True,False,12,2024,10728,234.83571569292735,30.133561788126904,2.74,45683.0,9359.0,10728.0,True,macro
POST_02269,2024-12-17 07:20:00,Instagram,Story,Fitness,981,286,207,48891,320,486061,0.3,7,Tuesday,27,676,Neutral,Macro,False,True,12,2024,1794,36.6938700374302,3.6908947642374104,0.3,48891.0,981.0,1794.0,True,macro
POST_03916,2024-12-17 09:23:00,Twitter,Retweet,Fitness,1641,193,331,77981,291,247692,0.87,9,Tuesday,17,1157,Neutral,Macro,True,False,12,2024,2456,31.49485130993447,9.915540267751885,0.87,77981.0,1641.0,2456.0,True,macro
POST_03092,2024-12-17 20:41:00,YouTube,Short,Sports,2989,612,1690,549736,3636,123952,4.27,20,Tuesday,21,562,Neutral,Macro,True,False,12,2024,8927,16.238703668670052,72.01981412159546,4.27,549736.0,2989.0,8927.0,True,macro
POST_02495,2024-12-17 22:51:00,Facebook,Video,Health,3643,325,567,31067,236,140174,3.24,22,Tuesday,25,540,Positive,Macro,True,False,12,2024,4771,153.5713136125149,34.03626920826972,3.24,31067.0,3643.0,4771.0,True,macro
POST_01763,2024-12-18 09:08:00,Instagram,Photo,Fitness,6755,139,119,34085,69,35531,19.74,9,Wednesday,17,1540,Negative,Micro,True,False,12,2024,7082,207.77468094469708,199.31890461850216,19.74,34085.0,6755.0,7082.0,True,micro
POST_00325,2024-12-18 13:47:00,YouTube,Community Post,Fitness,3809,555,177,371729,1922,341287,1.33,13,Wednesday,9,681,Negative,Macro,True,True,12,2024,6463,17.386321755902824,18.937140881428242,1.33,371729.0,3809.0,6463.0,True,macro
POST_04473,2024-12-19 07:47:00,Instagram,Story,Health,8416,269,266,3956,720,173739,5.15,7,Thursday,18,340,Neutral,Macro,True,False,12,2024,9671,2444.6410515672396,55.663955703670446,5.15,3956.0,8416.0,9671.0,True,macro
POST_00474,2024-12-19 18:19:00,TikTok,Stitch,Sports,27389,1790,4767,473038,95,495082,6.86,18,Thursday,22,545,Negative,Macro,True,False,12,2024,34041,71.96250618343558,68.75830670474791,6.86,473038.0,27389.0,34041.0,True,macro
POST_04009,2024-12-20 12:25:00,LinkedIn,Article,Health,230,129,244,8597,176,177256,0.34,12,Friday,28,1734,Positive,Macro,True,False,12,2024,779,90.61300453646622,4.394773660694137,0.34,8597.0,230.0,779.0,True,macro
POST_02179,2024-12-21 08:14:00,LinkedIn,Document,Fitness,66,110,309,22465,242,275028,0.18,8,Saturday,3,1642,Neutral,Macro,True,False,12,2024,727,32.361451146227466,2.643367220792065,0.18,22465.0,66.0,727.0,True,macro
POST_01249,2024-12-22 15:06:00,YouTube,Short,Sports,18329,597,462,540006,2849,470772,4.12,15,Sunday,24,305,Positive,Macro,False,True,12,2024,22237,41.17917208327315,47.23517966234186,4.12,540006.0,18329.0,22237.0,True,macro
POST_00727,2024-12-23 00:26:00,Instagram,Story,Health,9719,285,60,11648,880,229734,4.38,0,Monday,1,1332,Neutral,Macro,True,False,12,2024,10944,939.5604395604396,47.63770273446682,4.38,11648.0,9719.0,10944.0,True,macro
POST_04699,2024-12-23 11:54:00,Instagram,Photo,Fitness,7890,470,276,12381,543,217465,3.97,11,Monday,12,1824,Positive,Macro,True,True,12,2024,9179,741.3779177772393,42.20909111811096,3.97,12381.0,7890.0,9179.0,True,macro
POST_04803,2024-12-23 14:29:00,YouTube,Live,Sports,1497,519,373,445281,1971,138010,1.73,14,Monday,22,269,Neutral,Macro,True,False,12,2024,4360,9.791569817710615,31.591913629447138,1.73,445281.0,1497.0,4360.0,True,macro
POST_02661,2024-12-24 17:51:00,Facebook,Post,Fitness,1327,360,651,48001,248,298491,0.78,17,Tuesday,13,1908,Neutral,Macro,False,False,12,2024,2586,53.873877627549426,8.663577796315467,0.78,48001.0,1327.0,2586.0,True,macro
POST_04495,2024-12-24 23:11:00,LinkedIn,Document,Sports,1805,58,219,8687,237,370709,0.56,23,Tuesday,5,1548,Positive,Macro,True,False,12,2024,2319,266.9506158627835,6.255580522728069,0.56,8687.0,1805.0,2319.0,True,macro
POST_03223,2024-12-25 00:05:00,Instagram,Carousel,Health,325,35,9,20747,724,281272,0.13,0,Wednesday,16,1543,Positive,Macro,True,True,12,2024,1093,52.682315515496214,3.885918257060781,0.13,20747.0,325.0,1093.0,True,macro
POST_00659,2024-12-26 16:04:00,Facebook,Video,Sports,4947,104,941,3852,656,382673,1.57,16,Thursday,6,571,Positive,Macro,True,True,12,2024,6648,1725.8566978193146,17.372534775121316,1.57,3852.0,4947.0,6648.0,True,macro
POST_02681,2024-12-28 02:09:00,Twitter,Poll,Sports,2315,109,1910,82823,34,339417,1.28,2,Saturday,3,1257,Positive,Macro,True,False,12,2024,4368,52.73897347355203,12.869125588877399,1.28,82823.0,2315.0,4368.0,True,macro
POST_04494,2024-12-28 03:00:00,TikTok,Video,Fitness,18545,292,2873,139802,176,449635,4.83,3,Saturday,21,465,Neutral,Macro,True,False,12,2024,21886,156.54997782578218,48.675036418428284,4.83,139802.0,18545.0,21886.0,True,macro
POST_00030,2024-12-29 06:42:00,Instagram,Reel,Health,6149,146,253,17491,35,385869,1.7,6,Sunday,3,92,Positive,Macro,True,False,12,2024,6583,376.36498770796413,17.060194003664456,1.7,17491.0,6149.0,6583.0,True,macro
POST_02443,2024-12-30 04:08:00,TikTok,Stitch,Sports,49806,1913,126,41104,2323,471894,10.99,4,Monday,23,226,Positive,Macro,True,False,12,2024,54168,1317.8279486181395,114.78849063560885,10.99,41104.0,47071.60000000001,52434.52000000001,True,macro
POST_00548,2025-01-01 07:37:00,LinkedIn,Post,Health,474,40,40,8615,292,214674,0.26,7,Wednesday,27,1481,Positive,Macro,True,False,1,2025,846,98.20081253627394,3.9408591631962886,0.26,8615.0,474.0,846.0,True,macro
POST_01798,2025-01-01 22:26:00,Instagram,Photo,Health,1258,59,5,7966,561,194910,0.68,22,Wednesday,21,904,Neutral,Macro,True,True,1,2025,1883,236.37961335676624,9.660869119080601,0.68,7966.0,1258.0,1883.0,True,macro
POST_02556,2025-01-02 02:44:00,YouTube,Live,Fitness,8170,904,52,727376,1271,257546,3.54,2,Thursday,10,371,Positive,Macro,True,False,1,2025,10397,14.293845273971096,40.36948739254346,3.54,727376.0,8170.0,10397.0,True,macro
POST_03040,2025-01-02 09:15:00,Facebook,Video,Fitness,2108,73,401,65749,9,330794,0.78,9,Thursday,14,446,Positive,Macro,False,False,1,2025,2591,39.40744345921611,7.832669274533394,0.78,65749.0,2108.0,2591.0,True,macro
POST_02170,2025-01-03 07:41:00,Twitter,Poll,Sports,205,144,1310,57202,132,91345,1.82,7,Friday,12,217,Positive,Mid-tier,True,False,1,2025,1791,31.3100940526555,19.606984509278014,1.82,57202.0,205.0,1791.0,True,mid-tier
POST_02254,2025-01-03 17:35:00,TikTok,Duet,Health,7195,1793,3275,169898,2007,44688,27.44,17,Friday,7,492,Negative,Micro,True,False,1,2025,14270,83.9915714134363,319.32509846043683,27.44,169898.0,7195.0,14270.0,True,micro
POST_00992,2025-01-03 22:15:00,LinkedIn,Poll,Sports,1426,15,38,29349,131,187604,0.79,22,Friday,25,780,Positive,Macro,True,False,1,2025,1610,54.8570649766602,8.581906569156308,0.79,29349.0,1426.0,1610.0,True,macro
POST_02067,2025-01-04 12:30:00,Instagram,Reel,Health,9574,228,45,23875,503,177363,5.55,12,Saturday,21,376,Negative,Macro,True,True,1,2025,10350,433.5078534031413,58.354899274369515,5.55,23875.0,9574.0,10350.0,True,macro
POST_01008,2025-01-05 02:58:00,TikTok,Stitch,Health,16590,388,4398,451732,2581,17358,123.15,2,Sunday,5,18,Negative,Micro,True,False,1,2025,23957,53.033657124135544,1380.1705265583591,123.15,451732.0,16590.0,23957.0,True,micro
POST_02135,2025-01-05 03:09:00,LinkedIn,Document,Sports,956,63,144,13543,296,57322,2.03,3,Sunday,20,1602,Neutral,Mid-tier,True,False,1,2025,1459,107.73093110832164,25.45270576741914,2.03,13543.0,956.0,1459.0,True,mid-tier
POST_04817,2025-01-05 13:30:00,YouTube,Short,Health,7055,225,306,293042,1991,349145,2.17,13,Sunday,0,359,Positive,Macro,True,False,1,2025,9577,32.68132213129858,27.42986438299274,2.17,293042.0,7055.0,9577.0,True,macro
POST_04211,2025-01-05 20:45:00,Instagram,Reel,Health,2595,129,205,33910,30,218935,1.34,20,Sunday,10,268,Positive,Macro,True,False,1,2025,2959,87.26039516366853,13.515426953205289,1.34,33910.0,2595.0,2959.0,True,macro
POST_03204,2025-01-06 04:52:00,TikTok,Duet,Sports,24580,341,2614,344809,1729,131442,20.95,4,Monday,10,541,Positive,Macro,True,False,1,2025,29264,84.87017450240567,222.6381217571248,20.95,344809.0,24580.0,29264.0,True,macro
POST_00890,2025-01-06 17:18:00,Instagram,Reel,Sports,4747,347,263,7722,775,183618,2.92,17,Monday,5,120,Negative,Macro,True,False,1,2025,6132,794.0947940947941,33.39541874979577,2.92,7722.0,4747.0,6132.0,True,macro
POST_04316,2025-01-08 21:59:00,Instagram,Story,Sports,4730,332,111,8465,230,157083,3.29,21,Wednesday,20,775,Neutral,Macro,False,False,1,2025,5403,638.275251033668,34.39582895666622,3.29,8465.0,4730.0,5403.0,True,macro
POST_02139,2025-01-09 19:17:00,Instagram,Carousel,Sports,5355,52,209,36758,120,275281,2.04,19,Thursday,6,1583,Negative,Macro,True,True,1,2025,5736,156.0476630937483,20.836890304815803,2.04,36758.0,5355.0,5736.0,True,macro
POST_02401,2025-01-10 07:38:00,Twitter,Poll,Fitness,897,69,1016,32734,356,200837,0.99,7,Friday,0,945,Positive,Macro,True,True,1,2025,2338,71.42420724628826,11.641281238018891,0.99,32734.0,897.0,2338.0,True,macro
POST_01369,2025-01-11 09:08:00,Instagram,Reel,Sports,3650,55,271,15662,604,448455,0.89,9,Saturday,16,501,Positive,Macro,True,False,1,2025,4580,292.427531605159,10.212841868191903,0.89,15662.0,3650.0,4580.0,True,macro
POST_01335,2025-01-12 14:31:00,YouTube,Short,Sports,10399,332,1438,207068,1805,173355,7.02,14,Sunday,14,254,Positive,Macro,True,True,1,2025,13974,67.48507736588947,80.60915462490266,7.02,207068.0,10399.0,13974.0,True,macro
POST_03534,2025-01-12 19:11:00,Twitter,Thread,Health,3714,185,784,42129,366,440948,1.06,19,Sunday,26,416,Neutral,Macro,True,False,1,2025,5049,119.84618671224096,11.450329744096809,1.06,42129.0,3714.0,5049.0,True,macro
POST_03728,2025-01-13 18:18:00,Instagram,Photo,Sports,8807,331,222,29151,902,420471,2.23,18,Monday,28,1955,Neutral,Macro,True,False,1,2025,10262,352.02908991115225,24.405963788227965,2.23,29151.0,8807.0,10262.0,True,macro
POST_02158,2025-01-14 02:38:00,Twitter,Thread,Sports,3632,228,1494,77519,308,259857,2.06,2,Tuesday,10,77,Neutral,Macro,True,True,1,2025,5662,73.04015789677369,21.788906975759744,2.06,77519.0,3632.0,5662.0,True,macro
POST_04452,2025-01-14 22:49:00,Facebook,Post,Health,5428,203,389,77212,318,189439,3.18,22,Tuesday,5,1411,Neutral,Macro,True,True,1,2025,6338,82.08568616277262,33.456679986697566,3.18,77212.0,5428.0,6338.0,True,macro
POST_03099,2025-01-15 09:49:00,Instagram,Carousel,Health,6147,319,87,37434,354,353048,1.86,9,Wednesday,21,162,Positive,Macro,True,False,1,2025,6907,184.51140674253352,19.56391198930457,1.86,37434.0,6147.0,6907.0,True,macro
POST_04968,2025-01-15 11:09:00,LinkedIn,Article,Sports,405,120,422,25439,220,5720,16.56,11,Wednesday,13,213,Negative,Nano,True,False,1,2025,1167,45.87444475018672,204.020979020979,16.56,25439.0,405.0,1167.0,True,nano
POST_04739,2025-01-15 20:27:00,Twitter,Retweet,Health,150,112,528,61703,179,374414,0.21,20,Wednesday,12,1644,Negative,Macro,True,True,1,2025,969,15.704260732865501,2.5880442504820866,0.21,61703.0,150.0,969.0,True,macro
POST_03140,2025-01-16 00:18:00,Instagram,Reel,Sports,649,97,175,4209,118,228791,0.4,0,Thursday,28,73,Neutral,Macro,True,False,1,2025,1039,246.8519838441435,4.54126254966323,0.4,4209.0,649.0,1039.0,True,macro
POST_00581,2025-01-16 04:35:00,Facebook,Video,Sports,3536,301,103,32135,379,405351,0.97,4,Thursday,27,528,Neutral,Macro,False,False,1,2025,4319,134.4017426482029,10.654963229398719,0.97,32135.0,3536.0,4319.0,True,macro
POST_02235,2025-01-16 11:54:00,LinkedIn,Post,Sports,955,112,149,24832,207,339621,0.36,11,Thursday,12,602,Positive,Macro,False,False,1,2025,1423,57.30509020618557,4.189964695940475,0.36,24832.0,955.0,1423.0,True,macro
POST_03112,2025-01-16 14:34:00,Instagram,Photo,Fitness,3640,367,46,40238,387,441976,0.92,14,Thursday,22,612,Positive,Macro,True,False,1,2025,4440,110.34345643421642,10.045794341774213,0.92,40238.0,3640.0,4440.0,True,macro
POST_01469,2025-01-16 14:47:00,TikTok,Stitch,Fitness,23793,621,3702,318142,1904,149907,18.76,14,Thursday,21,583,Neutral,Macro,True,False,1,2025,30020,94.36037995612021,200.25749297898028,18.76,318142.0,23793.0,30020.0,True,macro
POST_03985,2025-01-18 08:35:00,TikTok,Video,Health,33536,1126,1305,57772,210,265169,13.56,8,Saturday,24,321,Positive,Macro,True,False,1,2025,36177,626.2030049158762,136.42997484623015,13.56,57772.0,33536.0,36177.0,True,macro
POST_00287,2025-01-19 12:45:00,Facebook,Story,Fitness,571,117,94,36851,557,376017,0.21,12,Sunday,15,201,Neutral,Macro,True,False,1,2025,1339,36.33551328322162,3.5610092096899875,0.21,36851.0,571.0,1339.0,True,macro
POST_01168,2025-01-19 13:11:00,Facebook,Live,Fitness,5813,58,706,76481,29,446452,1.47,13,Sunday,22,374,Positive,Macro,True,False,1,2025,6606,86.37439364025052,14.796663471101036,1.47,76481.0,5813.0,6606.0,True,macro
POST_02431,2025-01-19 17:59:00,Facebook,Live,Health,581,170,47,54226,464,102378,0.78,17,Sunday,13,101,Positive,Macro,True,False,1,2025,1262,23.2729686866079,12.326867100353592,0.78,54226.0,581.0,1262.0,True,macro
POST_02970,2025-01-20 05:01:00,Facebook,Live,Health,4115,299,334,29741,223,95444,4.97,5,Monday,4,398,Positive,Mid-tier,True,False,1,2025,4971,167.14300124407384,52.08289677716776,4.97,29741.0,4115.0,4971.0,True,mid-tier
POST_00690,2025-01-20 20:50:00,Instagram,Photo,Sports,3545,231,187,12569,991,491919,0.81,20,Monday,17,1739,Negative,Macro,True,False,1,2025,4954,394.1443233351897,10.070763682638809,0.81,12569.0,3545.0,4954.0,True,macro
POST_01223,2025-01-21 02:28:00,Twitter,Tweet,Fitness,408,68,1563,15012,78,374422,0.54,2,Tuesday,9,1754,Positive,Macro,True,False,1,2025,2117,141.0205169197975,5.654048106147609,0.54,15012.0,408.0,2117.0,True,macro
POST_04637,2025-01-21 12:01:00,Twitter,Thread,Sports,215,21,627,42617,196,433893,0.2,12,Tuesday,12,1778,Neutral,Macro,False,True,1,2025,1059,24.84923856676913,2.4406939037965585,0.2,42617.0,215.0,1059.0,True,macro
POST_04435,2025-01-22 03:50:00,Instagram,Story,Sports,2939,137,126,11051,841,485841,0.66,3,Wednesday,14,1708,Positive,Macro,True,True,1,2025,4043,365.8492444122704,8.321652557112307,0.66,11051.0,2939.0,4043.0,True,macro
POST_04912,2025-01-22 08:42:00,Facebook,Story,Sports,7148,32,77,66458,235,90441,8.02,8,Wednesday,25,1483,Neutral,Mid-tier,True,True,1,2025,7492,112.7328538324957,82.83853561990689,8.02,66458.0,7148.0,7492.0,True,mid-tier
POST_00017,2025-01-24 03:22:00,Twitter,Tweet,Fitness,3680,46,1500,15706,347,130725,4.0,3,Friday,14,168,Neutral,Macro,True,False,1,2025,5573,354.83254807080095,42.6314782941289,4.0,15706.0,3680.0,5573.0,True,macro
POST_02514,2025-01-24 16:45:00,Facebook,Story,Sports,100,270,575,24300,445,268284,0.35,16,Friday,3,827,Neutral,Macro,True,False,1,2025,1390,57.20164609053498,5.181076769393628,0.35,24300.0,100.0,1390.0,True,macro
POST_00625,2025-01-24 17:45:00,Facebook,Live,Fitness,598,166,836,8464,617,118910,1.35,17,Friday,10,142,Neutral,Macro,True,False,1,2025,2217,261.9328922495274,18.64435287191994,1.35,8464.0,598.0,2217.0,True,macro
POST_02339,2025-01-25 00:07:00,Instagram,Reel,Fitness,9068,218,99,23555,925,299183,3.14,0,Saturday,21,231,Positive,Macro,True,False,1,2025,10310,437.6990023349607,34.4605141334902,3.14,23555.0,9068.0,10310.0,True,macro
POST_01930,2025-01-25 12:26:00,Instagram,Story,Health,5229,312,141,6528,337,375484,1.51,12,Saturday,5,898,Positive,Macro,True,False,1,2025,6019,922.0281862745097,16.02997730928615,1.51,6528.0,5229.0,6019.0,True,macro
POST_02793,2025-01-25 13:34:00,Facebook,Post,Health,7061,191,164,74363,409,84860,8.74,13,Saturday,2,1150,Neutral,Mid-tier,True,False,1,2025,7825,105.22706184527252,92.21069997643177,8.74,74363.0,7061.0,7825.0,True,mid-tier
POST_04186,2025-01-25 13:54:00,Facebook,Live,Fitness,4384,88,624,10457,636,184506,2.76,13,Saturday,28,565,Positive,Macro,True,False,1,2025,5732,548.1495648847662,31.06674037700671,2.76,10457.0,4384.0,5732.0,True,macro
POST_04166,2025-01-25 16:20:00,Twitter,Tweet,Health,3338,168,93,94499,15,398623,0.9,16,Saturday,15,126,Positive,Macro,True,False,1,2025,3614,38.24379093958667,9.06621042940322,0.9,94499.0,3338.0,3614.0,True,macro
POST_02194,2025-01-26 20:50:00,Facebook,Live,Health,7004,74,759,57250,464,36173,21.67,20,Sunday,11,126,Negative,Micro,True,False,1,2025,8301,144.9956331877729,229.48055179277364,21.67,57250.0,7004.0,8301.0,True,micro
POST_00226,2025-01-28 15:25:00,Instagram,Reel,Fitness,3959,198,142,33887,824,51272,8.38,15,Tuesday,26,198,Negative,Mid-tier,True,False,1,2025,5123,151.17891816920942,99.91808394445312,8.38,33887.0,3959.0,5123.0,True,mid-tier
POST_02109,2025-01-29 04:06:00,Twitter,Retweet,Fitness,4781,54,1170,1975,398,327703,1.83,4,Wednesday,2,271,Neutral,Macro,True,True,1,2025,6403,3242.025316455696,19.539033820257977,1.83,1975.0,4781.0,6403.0,True,macro
POST_03050,2025-01-29 22:21:00,Twitter,Tweet,Fitness,3864,247,1351,74450,431,310633,1.76,22,Wednesday,16,1362,Neutral,Macro,True,False,1,2025,5893,79.1537944929483,18.97093998383945,1.76,74450.0,3864.0,5893.0,True,macro
POST_02387,2025-01-31 06:33:00,Twitter,Thread,Fitness,4103,246,469,81982,413,462857,1.04,6,Friday,20,1621,Positive,Macro,True,False,1,2025,5231,63.806689273255095,11.30154669800824,1.04,81982.0,4103.0,5231.0,True,macro
POST_04834,2025-02-02 00:35:00,Instagram,Reel,Fitness,6644,135,269,1150,829,460476,1.53,0,Sunday,28,236,Neutral,Macro,True,False,2,2025,7877,6849.565217391304,17.106211832972836,1.53,1150.0,6644.0,7877.0,True,macro
POST_04590,2025-02-03 12:38:00,LinkedIn,Poll,Sports,444,24,112,11855,16,469054,0.12,12,Monday,8,721,Neutral,Macro,True,False,2,2025,596,50.27414592998735,1.2706426125776564,0.12,11855.0,444.0,596.0,True,macro
POST_00256,2025-02-03 13:34:00,Facebook,Video,Sports,5966,126,809,42945,208,81428,8.47,13,Monday,28,157,Positive,Mid-tier,True,False,2,2025,7109,165.53731517056698,87.3041214324311,8.47,42945.0,5966.0,7109.0,True,mid-tier
POST_03665,2025-02-06 01:42:00,Facebook,Story,Sports,206,276,695,65952,644,88615,1.33,1,Thursday,13,1816,Neutral,Mid-tier,True,False,2,2025,1821,27.61098981077147,20.549568357501553,1.33,65952.0,206.0,1821.0,True,mid-tier
POST_04890,2025-02-06 01:51:00,LinkedIn,Article,Sports,1707,87,395,26726,98,92641,2.36,1,Thursday,23,779,Positive,Mid-tier,True,True,2,2025,2287,85.57210207288782,24.686693796483198,2.36,26726.0,1707.0,2287.0,True,mid-tier
POST_02465,2025-02-06 14:48:00,Facebook,Post,Health,7277,312,39,58707,168,253160,3.01,14,Thursday,2,1515,Positive,Macro,True,True,2,2025,7796,132.79506702778204,30.794754305577502,3.01,58707.0,7277.0,7796.0,True,macro
POST_01472,2025-02-07 02:37:00,LinkedIn,Post,Fitness,1341,146,208,22155,283,200532,0.85,2,Friday,9,1511,Positive,Macro,True,False,2,2025,1978,89.28007221846084,9.86376239203718,0.85,22155.0,1341.0,1978.0,True,macro
POST_03750,2025-02-08 10:34:00,TikTok,Video,Sports,24350,949,1486,54887,389,432756,6.19,10,Saturday,2,218,Negative,Macro,True,False,2,2025,27174,495.08991200102025,62.79289021989297,6.19,54887.0,24350.0,27174.0,True,macro
POST_01510,2025-02-08 15:01:00,TikTok,Stitch,Health,21963,1294,1166,484462,2734,326383,7.48,15,Saturday,16,134,Positive,Macro,False,False,2,2025,27157,56.05599613591984,83.20592677927466,7.48,484462.0,21963.0,27157.0,True,macro
POST_00619,2025-02-08 19:03:00,TikTok,Duet,Health,39601,345,1401,96257,408,406082,10.18,19,Saturday,9,335,Positive,Macro,True,False,2,2025,41755,433.7866336993673,102.82406016518831,10.18,96257.0,39601.0,41755.0,True,macro
POST_01133,2025-02-10 02:23:00,Instagram,Reel,Sports,3527,66,208,9869,795,303764,1.25,2,Monday,5,181,Negative,Macro,False,True,2,2025,4596,465.7006788935049,15.130166840046877,1.25,9869.0,3527.0,4596.0,True,macro
POST_04807,2025-02-10 13:12:00,Instagram,Reel,Fitness,4522,403,204,3773,109,226670,2.26,13,Monday,16,592,Neutral,Macro,True,False,2,2025,5238,1388.2851842035516,23.108483698769135,2.26,3773.0,4522.0,5238.0,True,macro
POST_00534,2025-02-11 08:12:00,Facebook,Story,Health,229,383,423,41467,314,492983,0.21,8,Tuesday,11,112,Neutral,Macro,True,False,2,2025,1349,32.53189283044348,2.736402675142956,0.21,41467.0,229.0,1349.0,True,macro
POST_01898,2025-02-11 10:18:00,Instagram,Carousel,Sports,7106,143,178,44542,562,312853,2.37,10,Tuesday,8,1672,Positive,Macro,False,False,2,2025,7989,179.3588074177181,25.53595458569999,2.37,44542.0,7106.0,7989.0,True,macro
POST_03521,2025-02-12 02:01:00,Instagram,Carousel,Sports,7721,215,280,4146,895,323055,2.54,2,Wednesday,10,321,Neutral,Macro,True,False,2,2025,9111,2197.53979739508,28.202628035473836,2.54,4146.0,7721.0,9111.0,True,macro
POST_04088,2025-02-12 06:25:00,Facebook,Story,Fitness,5553,227,963,8003,388,106677,6.32,6,Wednesday,23,1129,Neutral,Macro,True,False,2,2025,7131,891.0408596776209,66.84664923085576,6.32,8003.0,5553.0,7131.0,True,macro
POST_00082,2025-02-12 21:41:00,Facebook,Video,Fitness,1816,333,169,26592,528,145156,1.6,21,Wednesday,28,546,Neutral,Macro,True,False,2,2025,2846,107.02466907340553,19.606492325498085,1.6,26592.0,1816.0,2846.0,True,macro
POST_00602,2025-02-14 02:09:00,Twitter,Tweet,Sports,2673,221,1838,46906,457,258048,1.83,2,Friday,15,1521,Neutral,Macro,True,True,2,2025,5189,110.62550633181256,20.10866195436508,1.83,46906.0,2673.0,5189.0,True,macro
POST_03419,2025-02-14 06:40:00,Instagram,Reel,Health,4781,153,99,49355,110,122247,4.12,6,Friday,19,370,Neutral,Macro,True,False,2,2025,5143,104.20423462668423,42.07056205878263,4.12,49355.0,4781.0,5143.0,True,macro
POST_02236,2025-02-14 08:28:00,Facebook,Story,Sports,1431,367,919,36695,323,5070,53.59,8,Friday,29,966,Positive,Nano,True,True,2,2025,3040,82.84507426079847,599.6055226824457,53.59,36695.0,1431.0,3040.0,True,nano
POST_01821,2025-02-14 12:29:00,Instagram,Story,Fitness,3965,330,253,42805,385,14325,31.75,12,Friday,7,637,Positive,Micro,True,False,2,2025,4933,115.24354631468286,344.3630017452007,31.75,42805.0,3965.0,4933.0,True,micro
POST_02754,2025-02-14 18:26:00,Twitter,Tweet,Sports,2193,85,1594,51541,287,378346,1.02,18,Friday,28,1630,Negative,Macro,True,False,2,2025,4159,80.69304049203546,10.992583508217347,1.02,51541.0,2193.0,4159.0,True,macro
POST_04732,2025-02-14 19:03:00,Instagram,Reel,Fitness,7686,329,143,48505,281,70547,11.56,19,Friday,20,45,Neutral,Mid-tier,True,True,2,2025,8439,173.9820637047727,119.62237940663671,11.56,48505.0,7686.0,8439.0,True,mid-tier
POST_04496,2025-02-15 11:00:00,Facebook,Post,Health,2757,145,493,51193,665,190019,1.79,11,Saturday,29,870,Positive,Macro,True,True,2,2025,4060,79.30771785205009,21.36628442418916,1.79,51193.0,2757.0,4060.0,True,macro
POST_03523,2025-02-16 09:41:00,Twitter,Retweet,Health,817,258,1091,4463,32,140535,1.54,9,Sunday,19,445,Positive,Macro,True,False,2,2025,2198,492.4938382254089,15.640231970683459,1.54,4463.0,817.0,2198.0,True,macro
POST_00400,2025-02-17 16:52:00,TikTok,Stitch,Fitness,8197,858,81,321477,2519,270484,3.38,16,Monday,15,306,Neutral,Macro,True,False,2,2025,11655,36.25453764966079,43.08942488280268,3.38,321477.0,8197.0,11655.0,True,macro
POST_02917,2025-02-17 23:49:00,LinkedIn,Poll,Fitness,1695,111,401,15552,80,84653,2.61,23,Monday,18,827,Positive,Mid-tier,False,False,2,2025,2287,147.05504115226336,27.01617190176367,2.61,15552.0,1695.0,2287.0,True,mid-tier
POST_03568,2025-02-18 21:47:00,LinkedIn,Post,Sports,911,148,470,13565,87,409069,0.37,21,Tuesday,28,1825,Neutral,Macro,True,False,2,2025,1616,119.13011426465167,3.9504337898985256,0.37,13565.0,911.0,1616.0,True,macro
POST_00262,2025-02-18 23:10:00,YouTube,Community Post,Health,9995,915,316,351639,4251,211901,5.3,23,Tuesday,1,54,Positive,Macro,True,False,2,2025,15477,44.01388924436709,73.0388247341919,5.3,351639.0,9995.0,15477.0,True,macro
POST_03862,2025-02-20 08:07:00,Facebook,Post,Fitness,4896,264,859,79501,521,333834,1.8,8,Thursday,11,688,Neutral,Macro,True,False,2,2025,6540,82.26311618721776,19.590574956415463,1.8,79501.0,4896.0,6540.0,True,macro
POST_03795,2025-02-20 14:05:00,Instagram,Story,Fitness,7271,139,152,34391,243,166455,4.54,14,Thursday,23,1285,Positive,Macro,True,True,2,2025,7805,226.9489110523102,46.889549728154755,4.54,34391.0,7271.0,7805.0,True,macro
POST_03250,2025-02-21 09:54:00,Facebook,Post,Fitness,7438,232,906,6578,251,177106,4.84,9,Friday,23,1364,Neutral,Macro,True,True,2,2025,8827,1341.897233201581,49.84020868858198,4.84,6578.0,7438.0,8827.0,True,macro
POST_03658,2025-02-23 14:54:00,Facebook,Story,Sports,1565,148,94,57000,146,136546,1.32,14,Sunday,19,68,Positive,Macro,False,False,2,2025,1953,34.26315789473684,14.302872292121338,1.32,57000.0,1565.0,1953.0,True,macro
POST_03894,2025-02-24 07:55:00,Twitter,Tweet,Health,1838,106,1203,19725,372,231295,1.36,7,Monday,15,1110,Positive,Macro,True,False,2,2025,3519,178.40304182509507,15.214336669621046,1.36,19725.0,1838.0,3519.0,True,macro
POST_01653,2025-02-24 08:24:00,Twitter,Tweet,Sports,2722,198,480,98504,399,416406,0.82,8,Monday,3,1578,Positive,Macro,True,True,2,2025,3799,38.566961747746284,9.123307541197773,0.82,98504.0,2722.0,3799.0,True,macro
POST_04855,2025-02-24 11:22:00,Facebook,Post,Health,5896,364,660,72555,93,86233,8.02,11,Monday,6,1251,Negative,Mid-tier,True,False,2,2025,7013,96.65770794569636,81.32617443438127,8.02,72555.0,5896.0,7013.0,True,mid-tier
POST_00925,2025-02-24 16:49:00,Twitter,Retweet,Sports,2735,179,1886,17007,422,141216,3.4,16,Monday,2,1112,Negative,Macro,True,True,2,2025,5222,307.05003821955665,36.978812599138905,3.4,17007.0,2735.0,5222.0,True,macro
POST_01834,2025-02-25 14:02:00,LinkedIn,Poll,Sports,1342,91,116,12649,61,298943,0.52,14,Tuesday,28,936,Neutral,Macro,False,False,2,2025,1610,127.28278915329275,5.385642078924745,0.52,12649.0,1342.0,1610.0,True,macro
POST_01098,2025-02-27 01:36:00,Instagram,Story,Sports,7755,463,25,33246,787,216805,3.8,1,Thursday,29,558,Positive,Macro,False,False,2,2025,9030,271.61162245082113,41.65033094255207,3.8,33246.0,7755.0,9030.0,True,macro
POST_00958,2025-02-27 10:45:00,Instagram,Story,Fitness,9071,348,153,15734,374,14970,63.94,10,Thursday,2,1346,Positive,Micro,True,False,2,2025,9946,632.1342316003559,664.3954575818303,63.94,15734.0,9071.0,9946.0,True,micro
POST_03824,2025-02-27 17:57:00,Twitter,Tweet,Fitness,996,69,530,19973,114,389977,0.41,17,Thursday,13,947,Neutral,Macro,False,False,2,2025,1709,85.56551344314825,4.382309725958197,0.41,19973.0,996.0,1709.0,True,macro
POST_04883,2025-02-28 01:00:00,TikTok,Video,Fitness,18161,1249,3032,122700,2750,12463,180.07,1,Friday,12,571,Neutral,Micro,True,True,2,2025,25192,205.31377343113286,2021.3431758003692,167.99900000000105,122700.0,18161.0,25192.0,True,micro
POST_01331,2025-02-28 12:28:00,Facebook,Live,Sports,4861,152,472,68325,708,407923,1.34,12,Friday,28,347,Neutral,Macro,True,False,2,2025,6193,90.64032199048664,15.181786758775553,1.34,68325.0,4861.0,6193.0,True,macro
POST_00224,2025-02-28 20:36:00,Twitter,Retweet,Sports,1954,54,988,50855,451,5347,56.03,20,Friday,3,1380,Positive,Nano,True,True,2,2025,3447,67.78094582636909,644.6605573218628,56.03,50855.0,1954.0,3447.0,True,nano
POST_04654,2025-03-01 04:00:00,TikTok,Video,Health,2053,877,3313,262654,945,118754,5.26,4,Saturday,26,21,Positive,Macro,True,False,3,2025,7188,27.366801952378417,60.52848746147498,5.26,262654.0,2053.0,7188.0,True,macro
POST_04994,2025-03-01 23:19:00,Facebook,Video,Health,1357,250,158,61752,452,394365,0.45,23,Saturday,9,84,Positive,Macro,False,True,3,2025,2217,35.90167120093277,5.621695637290328,0.45,61752.0,1357.0,2217.0,True,macro
POST_04550,2025-03-04 07:20:00,TikTok,Video,Fitness,40345,764,3142,116086,2506,298160,14.84,7,Tuesday,19,368,Positive,Macro,True,False,3,2025,46757,402.7789742087762,156.81848671854038,14.84,116086.0,40345.0,46757.0,True,macro
POST_00297,2025-03-06 15:06:00,TikTok,Video,Fitness,30428,1081,3101,449648,85,221299,15.64,15,Thursday,4,405,Positive,Macro,True,True,3,2025,34695,77.16035654556454,156.7788376811463,15.64,449648.0,30428.0,34695.0,True,macro
POST_00206,2025-03-06 21:24:00,Instagram,Story,Fitness,4605,65,122,23746,555,173848,2.76,21,Thursday,4,896,Positive,Macro,True,False,3,2025,5347,225.1747662764255,30.756753025631586,2.76,23746.0,4605.0,5347.0,True,macro
POST_00272,2025-03-07 08:53:00,TikTok,Video,Sports,44753,379,3670,274693,1159,376305,12.97,8,Friday,24,523,Neutral,Macro,True,False,3,2025,49961,181.879407192757,132.767303118481,12.97,274693.0,44753.0,49961.0,True,macro
POST_01195,2025-03-07 09:30:00,Instagram,Carousel,Sports,2465,396,297,11460,354,55887,5.65,9,Friday,19,1199,Negative,Mid-tier,True,True,3,2025,3512,306.45724258289704,62.841090056721605,5.65,11460.0,2465.0,3512.0,True,mid-tier
POST_03410,2025-03-08 03:52:00,Instagram,Photo,Health,232,228,165,38764,714,408047,0.15,3,Saturday,20,917,Positive,Macro,True,True,3,2025,1339,34.54235888969147,3.2814847309256043,0.15,38764.0,232.0,1339.0,True,macro
POST_02584,2025-03-08 09:39:00,Twitter,Thread,Fitness,874,108,1937,68562,456,252240,1.16,9,Saturday,6,132,Positive,Macro,True,False,3,2025,3375,49.22551850879496,13.38011417697431,1.16,68562.0,874.0,3375.0,True,macro
POST_00014,2025-03-08 10:17:00,Instagram,Photo,Health,5746,225,287,23493,108,280346,2.23,10,Saturday,4,396,Positive,Macro,True,False,3,2025,6366,270.97433277997703,22.70765411313163,2.23,23493.0,5746.0,6366.0,True,macro
POST_04418,2025-03-11 22:09:00,Instagram,Carousel,Sports,4794,110,70,45233,201,29736,16.73,22,Tuesday,9,668,Positive,Micro,True,True,3,2025,5175,114.40762275329958,174.0314769975787,16.73,45233.0,4794.0,5175.0,True,micro
POST_03212,2025-03-11 22:48:00,LinkedIn,Document,Sports,457,68,127,13342,186,66055,0.99,22,Tuesday,23,1332,Positive,Mid-tier,True,False,3,2025,838,62.80917403687602,12.68639769888729,0.99,13342.0,457.0,838.0,True,mid-tier
POST_02136,2025-03-12 20:37:00,TikTok,Duet,Health,2944,1213,2753,222412,2720,36189,19.09,20,Wednesday,22,363,Neutral,Micro,True,False,3,2025,9630,43.29802348794129,266.1029594628202,19.09,222412.0,2944.0,9630.0,True,micro
POST_03546,2025-03-13 09:36:00,Instagram,Reel,Fitness,6207,285,45,26476,304,42732,15.3,9,Thursday,25,15,Neutral,Micro,True,False,3,2025,6841,258.3849524097296,160.09079846485068,15.3,26476.0,6207.0,6841.0,True,micro
POST_02638,2025-03-13 17:04:00,TikTok,Duet,Fitness,19715,868,3571,325954,145,122280,19.75,17,Thursday,22,403,Positive,Macro,False,True,3,2025,24299,74.54732876418144,198.71606149820084,19.75,325954.0,19715.0,24299.0,True,macro
POST_01063,2025-03-13 17:31:00,TikTok,Duet,Health,3775,629,972,352364,2898,304267,1.77,17,Thursday,11,415,Positive,Macro,True,False,3,2025,8274,23.481399915995958,27.19322174274568,1.77,352364.0,3775.0,8274.0,True,macro
POST_01427,2025-03-15 08:33:00,Instagram,Carousel,Sports,2228,117,287,3346,939,342263,0.77,8,Saturday,17,1764,Positive,Macro,False,False,3,2025,3571,1067.2444710101613,10.433497047592057,0.77,3346.0,2228.0,3571.0,True,macro
POST_00631,2025-03-15 18:25:00,LinkedIn,Post,Sports,497,78,39,3965,32,413060,0.15,18,Saturday,15,487,Neutral,Macro,True,False,3,2025,646,162.92559899117276,1.5639374425022998,0.15,3965.0,497.0,646.0,True,macro
POST_00615,2025-03-16 03:18:00,TikTok,Stitch,Sports,14319,1627,2076,448888,1633,114323,15.76,3,Sunday,14,296,Negative,Macro,True,True,3,2025,19655,43.78597779401543,171.92515941674029,15.76,448888.0,14319.0,19655.0,True,macro
POST_03876,2025-03-18 00:37:00,Twitter,Retweet,Health,3072,88,238,6322,36,265561,1.28,0,Tuesday,14,1218,Positive,Macro,True,False,3,2025,3434,543.1825371717811,12.931115638214948,1.28,6322.0,3072.0,3434.0,True,macro
POST_03992,2025-03-18 13:23:00,Instagram,Carousel,Fitness,8914,236,161,40050,569,70513,13.2,13,Tuesday,4,1045,Neutral,Mid-tier,False,False,3,2025,9880,246.6916354556804,140.1160069774368,13.2,40050.0,8914.0,9880.0,True,mid-tier
POST_02867,2025-03-18 19:58:00,Facebook,Video,Health,3779,262,880,70769,273,460698,1.07,19,Tuesday,12,302,Positive,Macro,True,False,3,2025,5194,73.39371758820953,11.274196979366092,1.07,70769.0,3779.0,5194.0,True,macro
POST_02790,2025-03-18 22:37:00,YouTube,Community Post,Sports,1917,542,1209,737619,2843,372060,0.99,22,Tuesday,14,480,Negative,Macro,True,False,3,2025,6511,8.827050279344757,17.499865613073162,0.99,737619.0,1917.0,6511.0,True,macro
POST_03526,2025-03-18 23:51:00,Instagram,Carousel,Fitness,4597,465,264,32729,844,437987,1.22,23,Tuesday,26,1600,Positive,Macro,True,True,3,2025,6170,188.51782822573253,14.08717610340033,1.22,32729.0,4597.0,6170.0,True,macro
POST_01599,2025-03-20 05:03:00,Instagram,Reel,Sports,789,93,93,46066,51,455438,0.21,5,Thursday,11,570,Positive,Macro,True,True,3,2025,1026,22.27239178569878,2.2527764481663803,0.21,46066.0,789.0,1026.0,True,macro
POST_03355,2025-03-21 13:20:00,Instagram,Story,Health,9705,202,288,29736,378,305946,3.33,13,Friday,22,1024,Positive,Macro,True,False,3,2025,10573,355.56228140973906,34.558386120426476,3.33,29736.0,9705.0,10573.0,True,macro
POST_03172,2025-03-22 08:40:00,Twitter,Poll,Sports,2062,135,503,38260,491,400096,0.67,8,Saturday,17,981,Neutral,Macro,True,True,3,2025,3191,83.40303188708835,7.975585859393746,0.67,38260.0,2062.0,3191.0,True,macro
POST_04204,2025-03-22 08:49:00,YouTube,Community Post,Health,17196,610,1413,796066,3034,461721,4.16,8,Saturday,21,1979,Positive,Macro,True,False,3,2025,22253,27.953712380631757,48.195771905544696,4.16,796066.0,17196.0,22253.0,True,macro
POST_04095,2025-03-24 04:30:00,Twitter,Retweet,Health,4779,132,1654,14696,226,146375,4.49,4,Monday,22,1565,Positive,Macro,True,False,3,2025,6791,462.0985302123027,46.39453458582408,4.49,14696.0,4779.0,6791.0,True,macro
POST_01818,2025-03-24 19:17:00,TikTok,Duet,Health,44327,835,1105,272590,1979,51337,90.12,19,Monday,10,220,Positive,Mid-tier,True,True,3,2025,48246,176.99108551304158,939.7900149989287,90.12,272590.0,44327.0,48246.0,True,mid-tier
POST_01583,2025-03-24 23:26:00,Facebook,Story,Health,1637,97,820,57105,333,309501,0.83,23,Monday,16,1944,Positive,Macro,True,False,3,2025,2887,50.55599334559145,9.327918165046317,0.83,57105.0,1637.0,2887.0,True,macro
POST_01250,2025-03-24 23:44:00,Facebook,Live,Sports,3903,50,321,27632,554,118158,3.62,23,Monday,26,292,Positive,Macro,True,False,3,2025,4828,174.72495657209032,40.860542663213664,3.62,27632.0,3903.0,4828.0,True,macro
POST_02164,2025-03-25 00:12:00,TikTok,Duet,Sports,41419,185,504,235804,2130,369134,11.41,0,Tuesday,3,84,Positive,Macro,False,True,3,2025,44238,187.60496005156827,119.84265876348427,11.41,235804.0,41419.0,44238.0,True,macro
POST_02967,2025-03-25 07:59:00,LinkedIn,Post,Health,358,111,353,29077,16,274745,0.3,7,Tuesday,25,1289,Negative,Macro,True,False,3,2025,838,28.820029576641332,3.050101002748003,0.3,29077.0,358.0,838.0,True,macro
POST_04021,2025-03-25 14:54:00,Twitter,Retweet,Fitness,2816,116,812,62146,250,18128,20.65,14,Tuesday,17,1982,Neutral,Micro,True,False,3,2025,3994,64.26801403147427,220.32215357458077,20.65,62146.0,2816.0,3994.0,True,micro
POST_03486,2025-03-26 01:12:00,Facebook,Story,Sports,2091,58,407,64629,206,43617,5.86,1,Wednesday,2,1589,Neutral,Micro,True,False,3,2025,2762,42.736232960435714,63.323933328747955,5.86,64629.0,2091.0,2762.0,True,micro
POST_02906,2025-03-28 22:16:00,Instagram,Reel,Sports,4784,50,195,7005,730,28140,17.87,22,Friday,13,184,Neutral,Micro,True,False,3,2025,5759,822.1270521056389,204.6552949538024,17.87,7005.0,4784.0,5759.0,True,micro
POST_04719,2025-03-30 20:44:00,Twitter,Retweet,Fitness,3274,283,362,52575,433,185105,2.12,20,Sunday,22,1108,Neutral,Macro,True,False,3,2025,4352,82.77698525915359,23.51098025445018,2.12,52575.0,3274.0,4352.0,True,macro
POST_02037,2025-04-01 11:49:00,Instagram,Reel,Sports,9486,396,65,28877,805,492694,2.02,11,Tuesday,10,395,Neutral,Macro,True,True,4,2025,10752,372.3378467292309,21.82287586209696,2.02,28877.0,9486.0,10752.0,True,macro
POST_04954,2025-04-01 13:38:00,LinkedIn,Document,Sports,901,8,260,20305,93,141478,0.83,13,Tuesday,0,822,Negative,Macro,True,False,4,2025,1262,62.15217926619059,8.920114788164945,0.83,20305.0,901.0,1262.0,True,macro
POST_01007,2025-04-02 16:45:00,LinkedIn,Post,Fitness,958,16,112,7515,205,273870,0.4,16,Wednesday,0,85,Positive,Macro,True,False,4,2025,1291,171.78975382568197,4.713915361302808,0.4,7515.0,958.0,1291.0,True,macro
POST_02433,2025-04-03 12:00:00,YouTube,Video,Fitness,16450,116,1648,184097,2614,433030,4.21,12,Thursday,12,190,Neutral,Macro,True,False,4,2025,20828,113.13600982090962,48.09828418354387,4.21,184097.0,16450.0,20828.0,True,macro
POST_01636,2025-04-04 05:10:00,Instagram,Carousel,Fitness,495,6,237,15937,481,367316,0.2,5,Friday,9,1262,Negative,Macro,True,False,4,2025,1219,76.48867415448328,3.318668394515894,0.2,15937.0,495.0,1219.0,True,macro
POST_03604,2025-04-04 22:27:00,Twitter,Thread,Health,1358,26,1946,73173,357,316501,1.05,22,Friday,29,641,Negative,Macro,False,False,4,2025,3687,50.38743798942233,11.649252293041728,1.05,73173.0,1358.0,3687.0,True,macro
POST_02939,2025-04-05 00:02:00,YouTube,Live,Health,16690,958,1870,622300,3674,310695,6.28,0,Saturday,23,570,Neutral,Macro,False,False,4,2025,23192,37.268198618029885,74.64555271246721,6.28,622300.0,16690.0,23192.0,True,macro
POST_04843,2025-04-06 04:40:00,Twitter,Thread,Fitness,3136,124,386,75432,344,139872,2.61,4,Sunday,28,741,Positive,Macro,True,True,4,2025,3990,52.89532293986637,28.52608098833219,2.61,75432.0,3136.0,3990.0,True,macro
POST_00306,2025-04-06 07:48:00,YouTube,Community Post,Health,19798,298,1641,310642,4925,392192,5.54,7,Sunday,19,1911,Positive,Macro,True,False,4,2025,26662,85.82870313737357,67.98200881201043,5.54,310642.0,19798.0,26662.0,True,macro
POST_01990,2025-04-06 20:25:00,LinkedIn,Poll,Sports,1296,37,481,26528,90,230066,0.79,20,Sunday,8,458,Negative,Macro,True,False,4,2025,1904,71.77322074788903,8.275886050089973,0.79,26528.0,1296.0,1904.0,True,macro
POST_04039,2025-04-07 20:57:00,LinkedIn,Article,Fitness,1327,143,492,11677,173,169955,1.15,20,Monday,6,805,Positive,Macro,True,False,4,2025,2135,182.83805772030487,12.562148804095202,1.15,11677.0,1327.0,2135.0,True,macro
POST_01899,2025-04-08 04:08:00,Twitter,Retweet,Health,1735,195,200,9177,352,494074,0.43,4,Tuesday,24,1256,Neutral,Macro,False,True,4,2025,2482,270.4587555846137,5.023538984038828,0.43,9177.0,1735.0,2482.0,True,macro
POST_02323,2025-04-08 08:44:00,Facebook,Video,Health,4118,225,874,65979,269,406570,1.28,8,Tuesday,9,127,Neutral,Macro,True,True,4,2025,5486,83.14766819745677,13.493371375162948,1.28,65979.0,4118.0,5486.0,True,macro
POST_00574,2025-04-09 12:26:00,Facebook,Video,Health,6610,17,694,55449,594,328670,2.23,12,Wednesday,19,102,Neutral,Macro,True,True,4,2025,7915,142.7437825749788,24.081905863023703,2.23,55449.0,6610.0,7915.0,True,macro
POST_03511,2025-04-09 20:17:00,Twitter,Poll,Sports,3409,244,21,93693,248,266391,1.38,20,Wednesday,25,1774,Negative,Macro,True,False,4,2025,3922,41.86011761817852,14.722719611398283,1.38,93693.0,3409.0,3922.0,True,macro
POST_03443,2025-04-09 21:31:00,Instagram,Carousel,Sports,9998,329,147,30128,269,115050,9.1,21,Wednesday,19,1081,Neutral,Macro,True,False,4,2025,10743,356.5785979819437,93.37679269882659,9.1,30128.0,9998.0,10743.0,True,macro
POST_03270,2025-04-10 03:07:00,LinkedIn,Post,Sports,1684,78,249,9956,110,392470,0.51,3,Thursday,23,1419,Positive,Macro,True,False,4,2025,2121,213.03736440337485,5.404234718577216,0.51,9956.0,1684.0,2121.0,True,macro
POST_02806,2025-04-10 16:27:00,YouTube,Short,Fitness,3231,462,837,622618,4880,140494,3.22,16,Thursday,28,304,Positive,Macro,True,True,4,2025,9410,15.113600955963367,66.97794923626633,3.22,622618.0,3231.0,9410.0,True,macro
POST_00432,2025-04-11 10:55:00,TikTok,Video,Fitness,38780,404,3617,329332,2382,236157,18.12,10,Friday,24,512,Neutral,Macro,True,False,4,2025,45183,137.1958995785408,191.32610932557577,18.12,329332.0,38780.0,45183.0,True,macro
POST_01679,2025-04-12 01:58:00,Instagram,Story,Fitness,457,186,147,29733,439,446349,0.18,1,Saturday,19,1054,Positive,Macro,True,True,4,2025,1229,41.33454410923889,2.7534507750661477,0.18,29733.0,457.0,1229.0,True,macro
POST_04265,2025-04-12 22:25:00,LinkedIn,Document,Health,1908,13,97,772,65,237631,0.85,22,Saturday,19,888,Positive,Macro,True,False,4,2025,2083,2698.186528497409,8.765691344984452,0.85,772.0,1908.0,2083.0,True,macro
POST_02518,2025-04-13 17:59:00,Facebook,Story,Health,4974,245,674,53323,334,62744,9.39,17,Sunday,21,52,Positive,Mid-tier,True,True,4,2025,6227,116.77887590720702,99.24454927961239,9.39,53323.0,4974.0,6227.0,True,mid-tier
POST_01275,2025-04-13 19:11:00,Facebook,Live,Sports,6268,276,557,31816,130,78010,9.1,19,Sunday,10,308,Neutral,Mid-tier,True,False,4,2025,7231,227.27558461151622,92.693244455839,9.1,31816.0,6268.0,7231.0,True,mid-tier
POST_01645,2025-04-14 00:50:00,Instagram,Story,Health,1245,90,47,25933,195,204606,0.68,0,Monday,8,353,Negative,Macro,True,False,4,2025,1577,60.810550264142215,7.707496358855557,0.68,25933.0,1245.0,1577.0,True,macro
POST_04060,2025-04-14 08:12:00,YouTube,Community Post,Sports,6493,751,1455,227610,4047,450744,1.93,8,Monday,9,53,Neutral,Macro,True,False,4,2025,12746,55.99929704318791,28.277691993681557,1.93,227610.0,6493.0,12746.0,True,macro
POST_00557,2025-04-14 20:01:00,Instagram,Story,Fitness,8695,447,278,42907,485,249068,3.78,20,Monday,5,210,Neutral,Macro,True,False,4,2025,9905,230.84811336145617,39.76825605858641,3.78,42907.0,8695.0,9905.0,True,macro
POST_02191,2025-04-14 21:29:00,Twitter,Poll,Fitness,2591,51,1853,91033,253,187325,2.4,21,Monday,28,663,Positive,Macro,True,True,4,2025,4748,52.156910131490775,25.34632323501935,2.4,91033.0,2591.0,4748.0,True,macro
POST_00470,2025-04-15 08:42:00,YouTube,Community Post,Health,2148,83,1731,214165,4039,318457,1.24,8,Tuesday,24,311,Positive,Macro,True,True,4,2025,8001,37.35904559568557,25.124271094684683,1.24,214165.0,2148.0,8001.0,True,macro
POST_04785,2025-04-16 08:30:00,Twitter,Tweet,Fitness,3801,196,1950,88075,409,16068,37.01,8,Wednesday,2,1191,Positive,Micro,True,False,4,2025,6356,72.16576781152428,395.5688324620363,37.01,88075.0,3801.0,6356.0,True,micro
POST_03745,2025-04-16 14:42:00,Instagram,Reel,Health,1983,101,8,28933,21,360806,0.58,14,Wednesday,25,524,Negative,Macro,True,False,4,2025,2113,73.03079528565998,5.8563327660848215,0.58,28933.0,1983.0,2113.0,True,macro
POST_01508,2025-04-17 01:10:00,Facebook,Story,Sports,4865,308,592,61904,464,130537,4.42,1,Thursday,21,399,Neutral,Macro,True,False,4,2025,6229,100.62354613595244,47.71827144794196,4.42,61904.0,4865.0,6229.0,True,macro
POST_01216,2025-04-17 22:13:00,Instagram,Story,Fitness,8820,380,219,15362,282,221035,4.26,22,Thursday,8,360,Neutral,Macro,True,False,4,2025,9701,631.4932951438615,43.88897685886851,4.26,15362.0,8820.0,9701.0,True,macro
POST_01497,2025-04-18 03:51:00,Facebook,Post,Health,7180,361,279,5971,381,357070,2.19,3,Friday,25,1872,Negative,Macro,True,False,4,2025,8201,1373.4717802713114,22.967485367014874,2.19,5971.0,7180.0,8201.0,True,macro
POST_04065,2025-04-18 18:02:00,TikTok,Video,Health,18139,1714,2553,446923,108,371403,6.03,18,Friday,12,86,Positive,Macro,True,False,4,2025,22514,50.375568050872296,60.61878875507198,6.03,446923.0,18139.0,22514.0,True,macro
POST_01020,2025-04-18 21:51:00,Instagram,Story,Fitness,4621,49,33,10619,127,464636,1.01,21,Friday,29,472,Positive,Macro,True,False,4,2025,4830,454.84508899143043,10.395234118751022,1.01,10619.0,4621.0,4830.0,True,macro
POST_01072,2025-04-19 01:35:00,Instagram,Carousel,Health,7912,326,206,11163,770,494048,1.71,1,Saturday,3,1326,Positive,Macro,True,False,4,2025,9214,825.4053569828899,18.65000971565516,1.71,11163.0,7912.0,9214.0,True,macro
POST_03582,2025-04-19 04:30:00,TikTok,Duet,Sports,2500,1427,4390,94471,959,249191,3.34,4,Saturday,23,163,Positive,Macro,True,False,4,2025,9276,98.18886219051349,37.22445834721157,3.34,94471.0,2500.0,9276.0,True,macro
POST_03161,2025-04-19 07:01:00,Twitter,Thread,Health,2780,47,492,54866,174,99920,3.32,7,Saturday,18,1672,Positive,Mid-tier,True,False,4,2025,3493,63.66420005103343,34.95796637309848,3.32,54866.0,2780.0,3493.0,True,mid-tier
POST_01039,2025-04-19 21:46:00,Instagram,Photo,Fitness,1672,403,99,18816,517,423457,0.51,21,Saturday,14,884,Positive,Macro,True,False,4,2025,2691,143.01658163265307,6.354836500518353,0.51,18816.0,1672.0,2691.0,True,macro
POST_00231,2025-04-20 01:35:00,TikTok,Video,Sports,12304,379,724,331958,875,498616,2.69,1,Sunday,2,278,Positive,Macro,True,True,4,2025,14282,43.02351502298483,28.643284611805477,2.69,331958.0,12304.0,14282.0,True,macro
POST_03048,2025-04-20 22:40:00,Twitter,Retweet,Sports,2855,291,1907,89617,396,247141,2.04,22,Sunday,11,918,Neutral,Macro,False,False,4,2025,5449,60.803195822221234,22.04814255829668,2.04,89617.0,2855.0,5449.0,True,macro
POST_01482,2025-04-22 10:26:00,Instagram,Photo,Health,1975,56,16,36663,450,101114,2.02,10,Tuesday,18,757,Positive,Macro,True,False,4,2025,2497,68.10681068106811,24.69489882706648,2.02,36663.0,1975.0,2497.0,True,macro
POST_01947,2025-04-22 22:59:00,Twitter,Retweet,Sports,562,275,1262,54787,256,471522,0.45,22,Tuesday,20,1450,Neutral,Macro,True,False,4,2025,2355,42.98464964316352,4.994464733352844,0.45,54787.0,562.0,2355.0,True,macro
POST_02707,2025-04-23 01:06:00,Instagram,Carousel,Fitness,3465,34,230,26068,605,165589,2.25,1,Wednesday,26,1083,Positive,Macro,True,True,4,2025,4334,166.25748043578335,26.17323614491301,2.25,26068.0,3465.0,4334.0,True,macro
POST_03490,2025-04-23 13:07:00,Twitter,Tweet,Health,1679,293,1019,91236,11,402067,0.74,13,Wednesday,7,1777,Positive,Macro,True,False,4,2025,3002,32.90367837257223,7.466417288660844,0.74,91236.0,1679.0,3002.0,True,macro
POST_00827,2025-04-23 17:08:00,Twitter,Poll,Sports,1703,187,1377,97085,182,301328,1.08,17,Wednesday,28,904,Positive,Macro,True,False,4,2025,3449,35.52557037647423,11.44599904423087,1.08,97085.0,1703.0,3449.0,True,macro
POST_03611,2025-04-24 04:56:00,Facebook,Story,Health,704,345,118,34579,240,394462,0.3,4,Thursday,1,1438,Positive,Macro,True,False,4,2025,1407,40.68943578472483,3.566883502086386,0.3,34579.0,704.0,1407.0,True,macro
POST_00713,2025-04-25 06:23:00,Facebook,Post,Health,5816,289,173,4291,54,235802,2.66,6,Friday,26,1495,Positive,Macro,True,False,4,2025,6332,1475.6467024003728,26.85303771808551,2.66,4291.0,5816.0,6332.0,True,macro
POST_01096,2025-04-25 10:58:00,Instagram,Photo,Fitness,1226,315,138,21764,158,287775,0.58,10,Friday,0,1275,Positive,Macro,True,False,4,2025,1837,84.40544017643815,6.383459299800191,0.58,21764.0,1226.0,1837.0,True,macro
POST_00884,2025-04-26 09:34:00,Instagram,Photo,Health,479,73,32,20665,612,481326,0.12,9,Saturday,14,340,Positive,Macro,True,False,4,2025,1196,57.87563513186547,2.484802400036566,0.12,20665.0,479.0,1196.0,True,macro
POST_00513,2025-04-27 00:39:00,YouTube,Short,Sports,13232,475,540,627627,2919,132823,10.73,0,Sunday,20,357,Positive,Macro,True,False,4,2025,17166,27.350639790831178,129.2396648170874,10.73,627627.0,13232.0,17166.0,True,macro
POST_02101,2025-04-27 15:10:00,YouTube,Video,Fitness,6640,391,392,684284,1425,130948,5.67,15,Sunday,25,267,Neutral,Macro,True,True,4,2025,8848,12.930303791992799,67.56880593823503,5.67,684284.0,6640.0,8848.0,True,macro
POST_03724,2025-04-29 01:47:00,Instagram,Reel,Sports,2422,155,35,18543,888,198675,1.31,1,Tuesday,8,590,Neutral,Macro,True,True,4,2025,3500,188.7504718761797,17.616710708443435,1.31,18543.0,2422.0,3500.0,True,macro
POST_02672,2025-04-30 01:41:00,Twitter,Thread,Sports,1113,183,869,48879,374,247157,0.88,1,Wednesday,19,602,Negative,Macro,True,False,4,2025,2539,51.944597884572104,10.27282253790101,0.88,48879.0,1113.0,2539.0,True,macro
POST_00901,2025-04-30 16:29:00,Instagram,Photo,Sports,3025,253,70,9745,636,45167,7.41,16,Wednesday,25,355,Positive,Micro,True,False,4,2025,3984,408.82503848127243,88.20599109969667,7.41,9745.0,3025.0,3984.0,True,micro
POST_01726,2025-05-02 21:22:00,Instagram,Carousel,Fitness,3221,148,83,23616,580,95304,3.62,21,Friday,19,815,Neutral,Mid-tier,True,True,5,2025,4032,170.7317073170732,42.306723747166956,3.62,23616.0,3221.0,4032.0,True,mid-tier
POST_02307,2025-05-03 09:00:00,Instagram,Photo,Sports,8033,117,5,37337,117,83445,9.77,9,Saturday,0,442,Neutral,Mid-tier,True,False,5,2025,8272,221.54966922891504,99.1311642399185,9.77,37337.0,8033.0,8272.0,True,mid-tier
POST_01587,2025-05-05 18:41:00,LinkedIn,Article,Fitness,1330,7,394,1271,93,224352,0.77,18,Monday,29,606,Positive,Macro,True,False,5,2025,1824,1435.0904799370574,8.130081300813009,0.77,1271.0,1330.0,1824.0,True,macro
POST_02920,2025-05-08 03:36:00,Twitter,Poll,Health,2739,261,397,75327,373,368415,0.92,3,Thursday,11,890,Positive,Macro,True,False,5,2025,3770,50.04845540111779,10.233025256843504,0.92,75327.0,2739.0,3770.0,True,macro
POST_02501,2025-05-09 19:46:00,TikTok,Stitch,Health,42902,1583,4464,284315,1595,201943,24.24,19,Friday,6,295,Positive,Macro,True,False,5,2025,50544,177.77465135501117,250.28844773030013,24.24,284315.0,42902.0,50544.0,True,macro
POST_02815,2025-05-09 22:23:00,Facebook,Live,Health,2771,35,269,57432,47,14416,21.33,22,Friday,11,572,Neutral,Micro,True,False,5,2025,3122,54.35993871012676,216.56492785793563,21.33,57432.0,2771.0,3122.0,True,micro
POST_00936,2025-05-10 06:15:00,Twitter,Retweet,Health,4921,299,809,20163,144,483396,1.25,6,Saturday,21,1817,Positive,Macro,False,False,5,2025,6173,306.1548380697317,12.770068432506683,1.25,20163.0,4921.0,6173.0,True,macro
POST_00303,2025-05-10 14:27:00,Facebook,Story,Fitness,3064,74,252,79748,709,389713,0.87,14,Saturday,7,1450,Positive,Macro,True,False,5,2025,4099,51.399408135627226,10.51799657696818,0.87,79748.0,3064.0,4099.0,True,macro
POST_02396,2025-05-12 06:06:00,Twitter,Thread,Fitness,2873,155,580,31365,269,244585,1.48,6,Monday,26,111,Neutral,Macro,True,False,5,2025,3877,123.60911844412561,15.851340024940205,1.48,31365.0,2873.0,3877.0,True,macro
POST_02764,2025-05-13 03:37:00,Twitter,Poll,Health,1414,68,1633,39458,191,256938,1.21,3,Tuesday,8,152,Negative,Macro,False,False,5,2025,3306,83.7852906888337,12.86691731079093,1.21,39458.0,1414.0,3306.0,True,macro
POST_00617,2025-05-13 16:42:00,Instagram,Reel,Health,6985,230,109,23060,32,358627,2.04,16,Tuesday,15,230,Negative,Macro,False,False,5,2025,7356,318.99392888117956,20.511562152319822,2.04,23060.0,6985.0,7356.0,True,macro
POST_02801,2025-05-13 21:27:00,TikTok,Video,Sports,23571,1115,4563,486167,1793,25680,113.9,21,Tuesday,10,147,Positive,Micro,True,False,5,2025,31042,63.85048758965541,1208.8006230529595,113.9,486167.0,23571.0,31042.0,True,micro
POST_01833,2025-05-14 03:56:00,Facebook,Story,Sports,5730,69,437,16209,321,445214,1.4,3,Wednesday,8,748,Positive,Macro,False,True,5,2025,6557,404.5283484483929,14.727748902774845,1.4,16209.0,5730.0,6557.0,True,macro
POST_04953,2025-05-14 13:56:00,Twitter,Thread,Fitness,2549,56,1444,48443,288,483414,0.84,13,Wednesday,14,1290,Positive,Macro,True,False,5,2025,4337,89.52789876762381,8.971606118151316,0.84,48443.0,2549.0,4337.0,True,macro
POST_04365,2025-05-15 09:44:00,Instagram,Story,Sports,5039,335,247,27025,318,429828,1.31,9,Thursday,29,957,Negative,Macro,True,False,5,2025,5939,219.7594819611471,13.817154768884299,1.31,27025.0,5039.0,5939.0,True,macro
POST_04206,2025-05-15 20:44:00,Facebook,Video,Sports,3582,199,561,8437,387,310248,1.4,20,Thursday,26,111,Positive,Macro,True,False,5,2025,4729,560.5072893208486,15.242644594002217,1.4,8437.0,3582.0,4729.0,True,macro
POST_01288,2025-05-16 09:08:00,Twitter,Thread,Fitness,4041,112,1362,23354,255,152267,3.62,9,Friday,15,373,Negative,Macro,False,True,5,2025,5770,247.06688361736747,37.89396257889103,3.62,23354.0,4041.0,5770.0,True,macro
POST_01851,2025-05-18 10:15:00,Twitter,Tweet,Health,1823,205,857,24674,62,423828,0.68,10,Sunday,22,1348,Positive,Macro,True,False,5,2025,2947,119.43746453756991,6.953292373321253,0.68,24674.0,1823.0,2947.0,True,macro
POST_03160,2025-05-20 17:47:00,Twitter,Poll,Health,1750,37,1118,60341,300,323366,0.9,17,Tuesday,7,924,Positive,Macro,True,True,5,2025,3205,53.114797567159975,9.911369779135716,0.9,60341.0,1750.0,3205.0,True,macro
POST_04920,2025-05-21 11:58:00,Twitter,Thread,Health,1502,260,1357,83373,291,368372,0.85,11,Wednesday,14,917,Positive,Macro,True,False,5,2025,3410,40.90053134707879,9.256946782057268,0.85,83373.0,1502.0,3410.0,True,macro
POST_04683,2025-05-21 13:30:00,YouTube,Live,Health,4288,145,574,851026,2100,49054,10.21,13,Wednesday,17,324,Neutral,Micro,True,False,5,2025,7107,8.351096206226366,144.88115138418885,10.21,851026.0,4288.0,7107.0,True,micro
POST_03037,2025-05-22 07:05:00,Twitter,Thread,Health,4528,58,1659,99267,169,342805,1.82,7,Thursday,26,456,Neutral,Macro,True,False,5,2025,6414,64.61361781861041,18.710345531716282,1.82,99267.0,4528.0,6414.0,True,macro
POST_03243,2025-05-22 11:45:00,Facebook,Live,Fitness,771,167,759,10706,65,429762,0.39,11,Thursday,10,529,Positive,Macro,True,False,5,2025,1762,164.58060900429666,4.099943689763171,0.39,10706.0,771.0,1762.0,True,macro
POST_04285,2025-05-24 02:19:00,Facebook,Video,Health,1028,333,726,26590,677,339100,0.62,2,Saturday,12,206,Positive,Macro,True,False,5,2025,2764,103.94885295223769,8.150987909171336,0.62,26590.0,1028.0,2764.0,True,macro
POST_02910,2025-05-24 04:41:00,Twitter,Thread,Sports,4294,70,1907,45959,497,173104,3.62,4,Saturday,15,300,Positive,Macro,True,False,5,2025,6768,147.2616897669662,39.097883353359826,3.62,45959.0,4294.0,6768.0,True,macro
POST_02333,2025-05-25 11:29:00,Facebook,Post,Sports,2191,40,458,21137,749,176778,1.52,11,Sunday,19,768,Negative,Macro,True,True,5,2025,3438,162.6531674315182,19.448121372568984,1.52,21137.0,2191.0,3438.0,True,macro
POST_03973,2025-05-25 16:29:00,Twitter,Poll,Health,160,209,1655,41653,460,193372,1.05,16,Sunday,22,1669,Positive,Macro,True,False,5,2025,2484,59.635560463832135,12.84570672072482,1.05,41653.0,160.0,2484.0,True,macro
POST_02244,2025-05-26 04:57:00,YouTube,Short,Health,899,242,1924,190896,920,420659,0.73,4,Monday,9,40,Positive,Macro,True,False,5,2025,3985,20.87524096890453,9.473231287099527,0.73,190896.0,899.0,3985.0,True,macro
POST_03264,2025-05-26 08:48:00,Instagram,Photo,Fitness,296,262,188,23448,133,435694,0.17,8,Monday,11,1799,Neutral,Macro,True,False,5,2025,879,37.48720573183214,2.0174709773373056,0.17,23448.0,296.0,879.0,True,macro
POST_04196,2025-05-27 23:46:00,Instagram,Photo,Sports,9583,77,260,5977,157,442368,2.24,23,Tuesday,18,1917,Positive,Macro,True,True,5,2025,10077,1685.96285762088,22.779676649305557,2.24,5977.0,9583.0,10077.0,True,macro
POST_03626,2025-05-30 01:51:00,Twitter,Tweet,Fitness,4840,212,1458,97444,304,487768,1.33,1,Friday,23,1994,Negative,Macro,False,False,5,2025,6814,69.92734288411806,13.969756113562186,1.33,97444.0,4840.0,6814.0,True,macro
POST_03283,2025-05-31 08:34:00,TikTok,Video,Sports,3144,1845,2960,118655,1115,492851,1.61,8,Saturday,6,111,Positive,Macro,True,True,5,2025,9064,76.3895326787746,18.39095385826548,1.61,118655.0,3144.0,9064.0,True,macro
POST_00236,2025-05-31 13:53:00,LinkedIn,Post,Fitness,1929,120,71,14735,103,374886,0.57,13,Saturday,2,615,Negative,Macro,True,True,5,2025,2223,150.8652867322701,5.929802660008643,0.57,14735.0,1929.0,2223.0,True,macro
POST_02111,2025-05-31 21:26:00,Instagram,Photo,Health,2478,48,63,48316,856,119502,2.17,21,Saturday,19,1867,Positive,Macro,True,False,5,2025,3445,71.30143223776803,28.82796940636977,2.17,48316.0,2478.0,3445.0,True,macro
POST_03234,2025-05-31 22:30:00,Instagram,Carousel,Health,649,338,262,47585,191,71262,1.75,22,Saturday,2,1506,Positive,Mid-tier,True,False,5,2025,1440,30.26163707050541,20.20712301086133,1.75,47585.0,649.0,1440.0,True,mid-tier
POST_03691,2025-06-01 03:46:00,TikTok,Duet,Health,4823,564,3297,472353,1109,414740,2.09,3,Sunday,13,354,Positive,Macro,True,False,6,2025,9793,20.732375998458778,23.612383662053333,2.09,472353.0,4823.0,9793.0,True,macro
POST_00008,2025-06-01 19:01:00,TikTok,Video,Fitness,32115,692,3932,348625,305,143709,25.56,19,Sunday,26,404,Positive,Macro,True,True,6,2025,37044,106.25743994263178,257.7709120514373,25.56,348625.0,32115.0,37044.0,True,macro
POST_03412,2025-06-02 02:22:00,Instagram,Photo,Health,8926,397,38,47178,650,338397,2.77,2,Monday,28,1023,Neutral,Macro,True,False,6,2025,10011,212.1963627114333,29.583595599251765,2.77,47178.0,8926.0,10011.0,True,macro
POST_00141,2025-06-02 08:08:00,YouTube,Video,Health,1601,277,169,122701,781,296676,0.69,8,Monday,22,275,Positive,Macro,True,True,6,2025,2828,23.047896920155498,9.532284377570143,0.69,122701.0,1601.0,2828.0,True,macro
POST_01727,2025-06-03 09:54:00,Facebook,Post,Fitness,6402,93,870,73898,520,203594,3.62,9,Tuesday,3,1153,Negative,Macro,True,True,6,2025,7885,106.70112858264095,38.729039166183675,3.62,73898.0,6402.0,7885.0,True,macro
POST_00907,2025-06-03 16:34:00,TikTok,Stitch,Sports,27098,1324,4322,459555,2068,339030,9.66,16,Tuesday,20,107,Neutral,Macro,True,True,6,2025,34812,75.75154225283154,102.68117865675603,9.66,459555.0,27098.0,34812.0,True,macro
POST_00754,2025-06-03 16:35:00,Twitter,Poll,Fitness,630,177,778,86180,276,273749,0.58,16,Tuesday,8,1652,Positive,Macro,True,False,6,2025,1861,21.594337433279183,6.798198349583012,0.58,86180.0,630.0,1861.0,True,macro
POST_00125,2025-06-04 02:54:00,Instagram,Carousel,Fitness,8013,134,44,42184,632,471046,1.74,2,Wednesday,0,1247,Negative,Macro,True,False,6,2025,8823,209.15512990707379,18.730654755586503,1.74,42184.0,8013.0,8823.0,True,macro
POST_01891,2025-06-04 05:44:00,Instagram,Story,Fitness,2649,89,189,19683,879,86226,3.39,5,Wednesday,29,1985,Neutral,Mid-tier,True,False,6,2025,3806,193.364832596657,44.139818616194646,3.39,19683.0,2649.0,3806.0,True,mid-tier
POST_01972,2025-06-04 14:31:00,TikTok,Duet,Fitness,48363,1400,1169,180542,1860,475232,10.72,14,Wednesday,3,511,Neutral,Macro,False,False,6,2025,52792,292.40841466251624,111.0867955019864,10.72,180542.0,47071.60000000001,52434.52000000001,True,macro
POST_01864,2025-06-04 17:13:00,Facebook,Post,Fitness,3945,211,69,60765,472,129806,3.25,17,Wednesday,15,285,Negative,Macro,True,False,6,2025,4697,77.29778655476015,36.18476803845739,3.25,60765.0,3945.0,4697.0,True,macro
POST_03967,2025-06-04 18:56:00,Twitter,Tweet,Sports,296,221,1253,75852,346,344620,0.51,18,Wednesday,27,1995,Positive,Macro,True,False,6,2025,2116,27.89642988978537,6.140096337995473,0.51,75852.0,296.0,2116.0,True,macro
POST_03549,2025-06-06 13:26:00,Twitter,Tweet,Health,4151,280,1244,3353,59,361686,1.57,13,Friday,7,1438,Positive,Macro,True,False,6,2025,5734,1710.1103489412467,15.853530410355944,1.57,3353.0,4151.0,5734.0,True,macro
POST_01408,2025-06-07 06:51:00,TikTok,Video,Health,47279,658,3292,247493,2580,84624,60.54,6,Saturday,21,470,Negative,Mid-tier,True,False,6,2025,53809,217.4162501565701,635.8598033654755,60.54,247493.0,47071.60000000001,52434.52000000001,True,mid-tier
POST_02105,2025-06-07 08:10:00,TikTok,Video,Health,31911,1467,378,315250,2894,360008,9.38,8,Saturday,8,48,Negative,Macro,True,True,6,2025,36650,116.25693893735131,101.80329326014979,9.38,315250.0,31911.0,36650.0,True,macro
POST_04144,2025-06-07 20:47:00,TikTok,Duet,Sports,37409,246,3880,448882,1117,122794,33.82,20,Saturday,23,315,Positive,Macro,True,False,6,2025,42652,95.01828988464675,347.34596152906494,33.82,448882.0,37409.0,42652.0,True,macro
POST_01928,2025-06-07 22:18:00,Facebook,Live,Sports,7476,200,674,67878,255,133294,6.26,22,Saturday,22,393,Neutral,Macro,True,False,6,2025,8605,126.77156074133003,64.55654418053327,6.26,67878.0,7476.0,8605.0,True,macro
POST_02186,2025-06-09 08:56:00,YouTube,Live,Health,14632,816,1056,436128,834,259541,6.36,8,Monday,9,97,Neutral,Macro,True,True,6,2025,17338,39.754384034045046,66.80254757437167,6.36,436128.0,14632.0,17338.0,True,macro
POST_03912,2025-06-09 20:48:00,Twitter,Thread,Sports,1662,285,1216,13904,116,123793,2.56,20,Monday,20,836,Negative,Macro,True,False,6,2025,3279,235.831415420023,26.487765867213817,2.56,13904.0,1662.0,3279.0,True,macro
POST_00903,2025-06-11 04:20:00,Instagram,Photo,Fitness,5096,418,37,48671,164,321440,1.73,4,Wednesday,13,251,Positive,Macro,True,False,6,2025,5715,117.42105155020444,17.779367844698857,1.73,48671.0,5096.0,5715.0,True,macro
POST_02580,2025-06-12 20:03:00,Facebook,Post,Health,6835,395,768,22588,691,78805,10.15,20,Thursday,27,1462,Positive,Mid-tier,True,False,6,2025,8689,384.6732778466442,110.25950130067889,10.15,22588.0,6835.0,8689.0,True,mid-tier
POST_03659,2025-06-12 21:23:00,Facebook,Video,Fitness,4220,121,882,44439,393,151733,3.44,21,Thursday,6,590,Neutral,Macro,True,False,6,2025,5616,126.37548099642207,37.012383594867295,3.44,44439.0,4220.0,5616.0,True,macro
POST_03662,2025-06-13 02:05:00,Facebook,Story,Fitness,6250,236,834,60777,491,78759,9.29,2,Friday,29,1923,Neutral,Mid-tier,True,False,6,2025,7811,128.51901212629775,99.17596719105119,9.29,60777.0,6250.0,7811.0,True,mid-tier
POST_00928,2025-06-15 06:35:00,Facebook,Live,Fitness,1744,131,287,15915,37,476348,0.45,6,Sunday,0,539,Positive,Macro,True,True,6,2025,2199,138.17153628652216,4.616372903843408,0.45,15915.0,1744.0,2199.0,True,macro
POST_00842,2025-06-15 09:54:00,LinkedIn,Article,Fitness,1969,5,35,8459,149,408856,0.49,9,Sunday,24,639,Positive,Macro,True,False,6,2025,2158,255.11289750561534,5.278141937503668,0.49,8459.0,1969.0,2158.0,True,macro
POST_01955,2025-06-17 02:50:00,YouTube,Live,Sports,2036,963,888,172140,1627,350512,1.11,2,Tuesday,15,106,Positive,Macro,True,False,6,2025,5514,32.03206692227257,15.7312731090519,1.11,172140.0,2036.0,5514.0,True,macro
POST_04842,2025-06-17 23:00:00,YouTube,Community Post,Sports,17552,125,135,310796,4801,340761,5.23,23,Tuesday,3,463,Positive,Macro,True,False,6,2025,22613,72.75833665812945,66.36029357819703,5.23,310796.0,17552.0,22613.0,True,macro
POST_03256,2025-06-19 21:43:00,Instagram,Reel,Fitness,8688,352,279,11733,541,231263,4.03,21,Thursday,12,267,Negative,Macro,True,False,6,2025,9860,840.3647830904288,42.635441034666165,4.03,11733.0,8688.0,9860.0,True,macro
POST_03442,2025-06-22 13:49:00,Facebook,Post,Fitness,1151,377,174,55061,63,77925,2.18,13,Sunday,14,1974,Positive,Mid-tier,True,True,6,2025,1765,32.05535678610995,22.649983958934875,2.18,55061.0,1151.0,1765.0,True,mid-tier
POST_04635,2025-06-23 04:46:00,Instagram,Story,Health,5709,383,262,43183,408,341420,1.86,4,Monday,14,1718,Positive,Macro,True,True,6,2025,6762,156.58939860593287,19.805518130162262,1.86,43183.0,5709.0,6762.0,True,macro
POST_01131,2025-06-23 08:52:00,LinkedIn,Article,Fitness,910,143,347,23195,243,81902,1.71,8,Monday,25,1455,Positive,Mid-tier,True,False,6,2025,1643,70.83423151541281,20.060560181680543,1.71,23195.0,910.0,1643.0,True,mid-tier
POST_04692,2025-06-23 18:49:00,Twitter,Tweet,Sports,4515,231,607,51073,463,392345,1.36,18,Monday,11,90,Neutral,Macro,True,True,6,2025,5816,113.87621639613886,14.823688335521034,1.36,51073.0,4515.0,5816.0,True,macro
POST_01394,2025-06-24 00:23:00,Facebook,Live,Health,3912,23,903,54294,418,203076,2.38,0,Tuesday,4,305,Positive,Macro,True,False,6,2025,5256,96.80627693667809,25.88193582698103,2.38,54294.0,3912.0,5256.0,True,macro
POST_03771,2025-06-24 10:24:00,Facebook,Live,Fitness,7385,142,525,11785,99,16525,48.73,10,Tuesday,14,52,Neutral,Micro,True,True,6,2025,8151,691.6419176919813,493.25264750378216,48.73,11785.0,7385.0,8151.0,True,micro
POST_04342,2025-06-24 23:18:00,Instagram,Reel,Health,1722,400,91,11691,227,239553,0.92,23,Tuesday,25,67,Positive,Macro,False,False,6,2025,2440,208.70755281840732,10.185637416354627,0.92,11691.0,1722.0,2440.0,True,macro
POST_02985,2025-06-26 03:39:00,Facebook,Live,Sports,2458,95,524,16572,766,297144,1.04,3,Thursday,11,418,Negative,Macro,True,False,6,2025,3843,231.89717595944967,12.933123334141023,1.04,16572.0,2458.0,3843.0,True,macro
POST_03655,2025-06-26 13:50:00,Instagram,Story,Fitness,6759,163,229,39884,381,349942,2.04,13,Thursday,15,256,Positive,Macro,True,False,6,2025,7532,188.84765820880554,21.52356676249207,2.04,39884.0,6759.0,7532.0,True,macro
POST_04386,2025-06-26 15:04:00,Facebook,Story,Health,3999,307,803,59412,636,465904,1.1,15,Thursday,19,1133,Positive,Macro,True,False,6,2025,5745,96.69763684104221,12.330866444589443,1.1,59412.0,3999.0,5745.0,True,macro
POST_00604,2025-06-27 06:24:00,Instagram,Photo,Health,6668,120,235,20468,511,239528,2.93,6,Friday,19,994,Positive,Macro,True,False,6,2025,7534,368.0867695915576,31.45352526635717,2.93,20468.0,6668.0,7534.0,True,macro
POST_03035,2025-06-27 12:30:00,Twitter,Tweet,Health,2771,250,1392,96956,25,20910,21.1,12,Friday,12,1076,Negative,Micro,True,False,6,2025,4438,45.773340484343414,212.24294595887136,21.1,96956.0,2771.0,4438.0,True,micro
POST_00234,2025-06-27 17:38:00,Facebook,Story,Sports,4765,126,662,4265,671,352608,1.57,17,Friday,17,1481,Positive,Macro,True,True,6,2025,6224,1459.3200468933176,17.65132952173518,1.57,4265.0,4765.0,6224.0,True,macro
POST_02319,2025-06-28 08:26:00,Twitter,Retweet,Health,3054,283,534,34443,396,308151,1.26,8,Saturday,17,636,Neutral,Macro,True,False,6,2025,4267,123.88584037395115,13.847107424606767,1.26,34443.0,3054.0,4267.0,True,macro
POST_02115,2025-06-28 16:48:00,LinkedIn,Poll,Health,1897,119,54,4359,236,242534,0.85,16,Saturday,1,1437,Positive,Macro,True,False,6,2025,2306,529.0204175269557,9.507945277775487,0.85,4359.0,1897.0,2306.0,True,macro
POST_02713,2025-06-29 10:49:00,Twitter,Retweet,Fitness,2965,41,683,5698,76,419269,0.88,10,Sunday,26,1597,Positive,Macro,True,False,6,2025,3765,660.7581607581608,8.979915042609875,0.88,5698.0,2965.0,3765.0,True,macro
POST_04469,2025-06-29 22:07:00,YouTube,Short,Fitness,2496,753,289,221115,1419,346127,1.02,22,Sunday,10,299,Neutral,Macro,True,False,6,2025,4957,22.418198674897678,14.32133292115322,1.02,221115.0,2496.0,4957.0,True,macro
POST_04600,2025-06-30 07:18:00,Twitter,Poll,Sports,1611,257,1239,82689,493,397030,0.78,7,Monday,19,1608,Positive,Macro,True,False,6,2025,3600,43.53662518593767,9.067324887288114,0.78,82689.0,1611.0,3600.0,True,macro
POST_00449,2025-06-30 12:20:00,Twitter,Retweet,Sports,374,73,1526,20056,111,9804,20.12,12,Monday,6,1752,Neutral,Nano,True,False,6,2025,2084,103.90905464698844,212.56629946960422,20.12,20056.0,374.0,2084.0,True,nano
POST_04991,2025-06-30 16:02:00,YouTube,Video,Health,5158,531,1161,599225,643,397627,1.72,16,Monday,5,552,Positive,Macro,True,False,6,2025,7493,12.504484959739663,18.844293772807177,1.72,599225.0,5158.0,7493.0,True,macro
POST_01340,2025-07-01 12:13:00,Instagram,Story,Fitness,298,13,35,37591,594,10515,3.29,12,Tuesday,28,636,Neutral,Micro,True,False,7,2025,940,25.005985475246735,89.396100808369,3.29,37591.0,298.0,940.0,True,micro
POST_01725,2025-07-01 20:50:00,LinkedIn,Poll,Health,892,40,236,25907,93,269851,0.43,20,Tuesday,28,1458,Positive,Macro,True,True,7,2025,1261,48.67410352414405,4.672949146010206,0.43,25907.0,892.0,1261.0,True,macro
POST_02679,2025-07-02 00:13:00,Instagram,Story,Fitness,8999,200,33,22982,630,267597,3.45,0,Wednesday,27,1896,Positive,Macro,True,False,7,2025,9862,429.1184405186668,36.853925866134524,3.45,22982.0,8999.0,9862.0,True,macro
POST_00746,2025-07-02 00:40:00,TikTok,Stitch,Health,25014,1231,4474,78071,2266,214685,14.31,0,Wednesday,3,119,Positive,Macro,True,False,7,2025,32985,422.5000320221337,153.6437105526702,14.31,78071.0,25014.0,32985.0,True,macro
POST_00020,2025-07-03 03:59:00,Twitter,Tweet,Fitness,1407,180,242,53076,394,246115,0.74,3,Thursday,14,1288,Negative,Macro,True,True,7,2025,2223,41.88333710151481,9.032362919773277,0.74,53076.0,1407.0,2223.0,True,macro
POST_04052,2025-07-03 13:30:00,LinkedIn,Article,Health,696,84,229,26072,257,208423,0.48,13,Thursday,23,1763,Negative,Macro,True,False,7,2025,1266,48.55783982816815,6.074185670487422,0.48,26072.0,696.0,1266.0,True,macro
POST_02998,2025-07-04 05:10:00,Twitter,Thread,Health,4027,37,467,79651,150,222227,2.04,5,Friday,24,1873,Neutral,Macro,True,False,7,2025,4681,58.768879235665594,21.064047122986857,2.04,79651.0,4027.0,4681.0,True,macro
POST_04383,2025-07-04 05:25:00,Facebook,Live,Health,2557,224,227,29740,325,488102,0.62,5,Friday,28,138,Neutral,Macro,True,False,7,2025,3333,112.07128446536652,6.828490766274262,0.62,29740.0,2557.0,3333.0,True,macro
POST_01069,2025-07-04 15:15:00,Twitter,Thread,Fitness,4375,64,1569,72442,351,296947,2.02,15,Friday,13,1418,Positive,Macro,False,False,7,2025,6359,87.78056928301261,21.414595870643584,2.02,72442.0,4375.0,6359.0,True,macro
POST_03828,2025-07-05 00:57:00,Facebook,Video,Health,1836,24,694,47208,698,209666,1.22,0,Saturday,22,498,Neutral,Macro,True,False,7,2025,3252,68.88662938485002,15.510383180868619,1.22,47208.0,1836.0,3252.0,True,macro
POST_00951,2025-07-05 08:59:00,Facebook,Story,Fitness,3881,343,263,63598,92,188172,2.38,8,Saturday,28,137,Negative,Macro,False,False,7,2025,4579,71.99911946916569,24.33411984779882,2.38,63598.0,3881.0,4579.0,True,macro
POST_04484,2025-07-06 03:18:00,Facebook,Video,Health,5338,211,17,53912,169,343294,1.62,3,Sunday,29,183,Positive,Macro,False,False,7,2025,5735,106.37705891081762,16.705797363193064,1.62,53912.0,5338.0,5735.0,True,macro
POST_00080,2025-07-06 23:44:00,Instagram,Carousel,Health,5856,263,212,9974,623,124552,5.08,23,Sunday,15,1726,Positive,Macro,True,False,7,2025,6954,697.2127531582113,55.832102254480056,5.08,9974.0,5856.0,6954.0,True,macro
POST_02937,2025-07-07 20:19:00,TikTok,Duet,Sports,36289,129,1118,199549,2771,284088,13.21,20,Monday,24,553,Neutral,Macro,True,False,7,2025,40307,201.99048855168405,141.882092872631,13.21,199549.0,36289.0,40307.0,True,macro
POST_04744,2025-07-08 03:04:00,YouTube,Video,Health,10320,263,1708,758079,4423,128513,9.56,3,Tuesday,10,49,Positive,Macro,True,False,7,2025,16714,22.04783406478744,130.05688140499404,9.56,758079.0,10320.0,16714.0,True,macro
POST_04856,2025-07-09 13:33:00,Instagram,Reel,Health,8468,367,57,42051,33,12892,68.97,13,Wednesday,28,81,Neutral,Micro,True,False,7,2025,8925,212.24227723478634,692.2897921191436,68.97,42051.0,8468.0,8925.0,True,micro
POST_04007,2025-07-10 08:00:00,Twitter,Thread,Health,4604,88,1792,43950,226,84008,7.72,8,Thursday,28,571,Neutral,Mid-tier,True,False,7,2025,6710,152.6734926052332,79.8733453956766,7.72,43950.0,4604.0,6710.0,True,mid-tier
POST_01525,2025-07-11 15:22:00,Facebook,Story,Fitness,7968,386,379,72685,496,400484,2.18,15,Friday,18,1447,Neutral,Macro,True,False,7,2025,9229,126.97255279631287,23.044616014622306,2.18,72685.0,7968.0,9229.0,True,macro
POST_03676,2025-07-11 19:50:00,Twitter,Tweet,Health,649,96,1475,45874,266,383834,0.58,19,Friday,2,1645,Neutral,Macro,True,False,7,2025,2486,54.19191699001613,6.476758181922394,0.58,45874.0,649.0,2486.0,True,macro
POST_01214,2025-07-12 05:43:00,TikTok,Video,Sports,46364,167,3713,349162,2338,69416,72.38,5,Saturday,13,353,Negative,Mid-tier,True,False,7,2025,52582,150.59485281903528,757.4910683415927,72.38,349162.0,46364.0,52434.52000000001,True,mid-tier
POST_02004,2025-07-12 09:40:00,Instagram,Story,Fitness,1255,9,146,26447,488,128474,1.1,9,Saturday,3,1134,Neutral,Macro,True,False,7,2025,1898,71.76617385714826,14.773417189470244,1.1,26447.0,1255.0,1898.0,True,macro
POST_01111,2025-07-13 15:11:00,TikTok,Duet,Fitness,11321,1877,2355,106978,530,7226,215.24,15,Sunday,6,72,Neutral,Nano,True,True,7,2025,16083,150.3393221036101,2225.7127041239964,167.99900000000105,106978.0,11321.0,16083.0,True,nano
POST_02756,2025-07-15 05:30:00,Twitter,Poll,Health,21,147,534,28955,457,150319,0.47,5,Tuesday,8,69,Negative,Macro,False,False,7,2025,1159,40.02762907960629,7.710269493543731,0.47,28955.0,21.0,1159.0,True,macro
POST_02230,2025-07-15 08:15:00,Twitter,Retweet,Health,1867,96,177,38336,447,212941,1.0,8,Tuesday,5,733,Neutral,Macro,True,True,7,2025,2587,67.48226210350585,12.148905095777703,1.0,38336.0,1867.0,2587.0,True,macro
POST_00237,2025-07-15 14:57:00,Twitter,Poll,Fitness,3901,152,1866,2999,6,172954,3.42,14,Tuesday,28,1985,Positive,Macro,True,False,7,2025,5925,1975.6585528509502,34.25766388750766,3.42,2999.0,3901.0,5925.0,True,macro
POST_00407,2025-07-16 04:59:00,Twitter,Thread,Fitness,3350,206,1454,12218,428,196815,2.55,4,Wednesday,17,355,Neutral,Macro,True,False,7,2025,5438,445.081027991488,27.630007875416,2.55,12218.0,3350.0,5438.0,True,macro
POST_04608,2025-07-16 08:46:00,Instagram,Story,Fitness,348,343,105,16661,971,325194,0.24,8,Wednesday,29,853,Positive,Macro,True,False,7,2025,1767,106.05605906008041,5.433679588184284,0.24,16661.0,348.0,1767.0,True,macro
POST_02018,2025-07-16 14:41:00,TikTok,Duet,Fitness,46013,1368,2181,102052,968,106784,46.41,14,Wednesday,18,93,Positive,Macro,True,False,7,2025,50530,495.1397326852977,473.19823194486065,46.41,102052.0,46013.0,50530.0,True,macro
POST_01496,2025-07-17 07:06:00,LinkedIn,Poll,Fitness,730,125,114,11508,222,328528,0.29,7,Thursday,7,1770,Neutral,Macro,False,True,7,2025,1191,103.49322210636079,3.625261773730093,0.29,11508.0,730.0,1191.0,True,macro
POST_02389,2025-07-18 04:39:00,LinkedIn,Post,Fitness,744,70,228,11507,184,115798,0.9,4,Friday,19,220,Negative,Macro,False,False,7,2025,1226,106.54384287824803,10.587402200383426,0.9,11507.0,744.0,1226.0,True,macro
POST_04945,2025-07-18 20:18:00,TikTok,Video,Fitness,35901,745,2956,207267,1031,451011,8.78,20,Friday,10,450,Positive,Macro,False,False,7,2025,40633,196.04182045381077,90.09314628689766,8.78,207267.0,35901.0,40633.0,True,macro
POST_03199,2025-07-18 22:48:00,Instagram,Reel,Health,6102,308,69,18526,343,95345,6.8,22,Friday,20,392,Neutral,Mid-tier,True,False,7,2025,6822,368.2392313505344,71.55068435680948,6.8,18526.0,6102.0,6822.0,True,mid-tier
POST_04411,2025-07-19 06:37:00,Instagram,Story,Fitness,6862,44,174,17770,403,117461,6.03,6,Saturday,17,1676,Negative,Macro,False,True,7,2025,7483,421.10298255486776,63.70625143664706,6.03,17770.0,6862.0,7483.0,True,macro
POST_02807,2025-07-19 14:24:00,TikTok,Duet,Sports,12371,1106,4327,299319,773,194354,9.16,14,Saturday,18,270,Positive,Macro,True,True,7,2025,18577,62.06421911071465,95.58331704004033,9.16,299319.0,12371.0,18577.0,True,macro
POST_04016,2025-07-19 14:46:00,Twitter,Retweet,Health,4181,288,1204,98510,47,80619,7.04,14,Saturday,16,1795,Neutral,Mid-tier,True,True,7,2025,5720,58.06517104862451,70.95101650975577,7.04,98510.0,4181.0,5720.0,True,mid-tier
POST_01140,2025-07-19 15:03:00,Facebook,Story,Sports,5698,157,490,50955,19,312340,2.03,15,Saturday,1,1894,Positive,Macro,True,True,7,2025,6364,124.89451476793249,20.375232118844846,2.03,50955.0,5698.0,6364.0,True,macro
POST_00826,2025-07-21 18:23:00,YouTube,Short,Health,16495,391,1179,216192,4734,442916,4.08,18,Monday,27,126,Neutral,Macro,True,False,7,2025,22799,105.45718620485495,51.47477174001391,4.08,216192.0,16495.0,22799.0,True,macro
POST_03295,2025-07-21 21:34:00,YouTube,Live,Sports,128,562,1788,434951,2182,28212,8.78,21,Monday,18,518,Positive,Micro,True,True,7,2025,4660,10.713850525691399,165.17793846590104,8.78,434951.0,128.0,4660.0,True,micro
POST_01944,2025-07-23 08:08:00,LinkedIn,Article,Health,769,137,322,23766,48,20046,6.13,8,Wednesday,27,706,Neutral,Micro,True,False,7,2025,1276,53.69014558613145,63.65359672752668,6.13,23766.0,769.0,1276.0,True,micro
POST_00591,2025-07-23 11:07:00,Instagram,Story,Fitness,6316,231,84,5360,667,219752,3.02,11,Wednesday,5,56,Positive,Macro,True,False,7,2025,7298,1361.5671641791046,33.21016418508137,3.02,5360.0,6316.0,7298.0,True,macro
POST_02142,2025-07-24 15:11:00,Facebook,Story,Health,2411,77,797,12475,526,469956,0.7,15,Thursday,23,1498,Negative,Macro,True,False,7,2025,3811,305.4909819639279,8.109269803981649,0.7,12475.0,2411.0,3811.0,True,macro
POST_03038,2025-07-25 00:44:00,YouTube,Live,Health,11361,666,493,512133,170,24253,51.62,0,Friday,16,455,Neutral,Micro,False,True,7,2025,12690,24.778719590418895,523.2342390632086,51.62,512133.0,11361.0,12690.0,True,micro
POST_01729,2025-07-25 05:18:00,TikTok,Duet,Health,5163,1595,2010,355579,1308,422837,2.07,5,Friday,25,45,Negative,Macro,True,True,7,2025,10076,28.336881536873662,23.829513500474178,2.07,355579.0,5163.0,10076.0,True,macro
POST_02417,2025-07-25 13:47:00,Twitter,Tweet,Sports,2873,236,612,81263,496,120064,3.1,13,Friday,11,1091,Neutral,Macro,True,False,7,2025,4217,51.893235543851446,35.122934434968016,3.1,81263.0,2873.0,4217.0,True,macro
POST_03433,2025-07-25 20:39:00,TikTok,Stitch,Fitness,12566,238,902,300305,2789,133001,10.31,20,Friday,7,102,Positive,Macro,True,False,7,2025,16495,54.927490384775474,124.02162389756468,10.31,300305.0,12566.0,16495.0,True,macro
POST_01084,2025-07-26 06:30:00,TikTok,Stitch,Sports,10007,472,32,456095,2367,164096,6.41,6,Saturday,16,412,Neutral,Macro,True,False,7,2025,12878,28.235345706486587,78.47845163806552,6.41,456095.0,10007.0,12878.0,True,macro
POST_04577,2025-07-27 11:57:00,Twitter,Poll,Sports,3389,25,114,50203,431,461309,0.76,11,Sunday,29,1370,Positive,Macro,True,False,7,2025,3959,78.85982909387886,8.58210006741685,0.76,50203.0,3389.0,3959.0,True,macro
POST_03364,2025-07-27 13:27:00,Twitter,Tweet,Sports,3914,264,88,15481,497,259987,1.64,13,Sunday,25,1825,Negative,Macro,False,False,7,2025,4763,307.6674633421614,18.3201467765696,1.64,15481.0,3914.0,4763.0,True,macro
POST_00163,2025-07-28 00:07:00,Facebook,Video,Fitness,6935,284,748,63309,515,138771,5.74,0,Monday,24,563,Negative,Macro,True,False,7,2025,8482,133.97779146724795,61.12228059176629,5.74,63309.0,6935.0,8482.0,True,macro
POST_00009,2025-07-28 06:45:00,Facebook,Post,Health,7278,270,132,20146,242,175208,4.38,6,Monday,25,928,Positive,Macro,True,False,7,2025,7922,393.2294251960687,45.214830373042325,4.38,20146.0,7278.0,7922.0,True,macro
POST_00810,2025-07-29 03:16:00,Instagram,Carousel,Fitness,9196,201,43,22231,203,71232,13.25,3,Tuesday,13,645,Neutral,Mid-tier,True,False,7,2025,9643,433.7636633529756,135.3745507637017,13.25,22231.0,9196.0,9643.0,True,mid-tier
POST_00583,2025-07-29 10:42:00,Facebook,Post,Sports,5997,233,243,65271,260,133476,4.85,10,Tuesday,7,678,Neutral,Macro,True,False,7,2025,6733,103.15454030120574,50.44352542779226,4.85,65271.0,5997.0,6733.0,True,macro
POST_00653,2025-08-01 20:40:00,Facebook,Post,Sports,2500,28,943,5699,708,147224,2.36,20,Friday,6,1363,Neutral,Macro,True,False,8,2025,4179,733.2865414985084,28.385317611259033,2.36,5699.0,2500.0,4179.0,True,macro
POST_04584,2025-08-02 01:50:00,TikTok,Duet,Health,41964,173,1156,334705,155,186372,23.23,1,Saturday,22,457,Positive,Macro,True,False,8,2025,43448,129.80983253910162,233.12514755435365,23.23,334705.0,41964.0,43448.0,True,macro
POST_00463,2025-08-02 21:50:00,LinkedIn,Poll,Health,224,71,205,4236,71,449926,0.11,21,Saturday,12,1694,Positive,Macro,True,False,8,2025,571,134.79697828139754,1.2690975849361896,0.11,4236.0,224.0,571.0,True,macro
POST_01432,2025-08-03 05:23:00,Facebook,Post,Fitness,2075,16,103,25632,41,25935,8.46,5,Sunday,6,893,Neutral,Micro,False,False,8,2025,2235,87.19569288389513,86.17698091382302,8.46,25632.0,2075.0,2235.0,True,micro
POST_00041,2025-08-03 22:20:00,Instagram,Carousel,Sports,9321,19,186,41261,428,62227,15.31,22,Sunday,16,618,Neutral,Mid-tier,True,False,8,2025,9954,241.24475897336467,159.96271714850465,15.31,41261.0,9321.0,9954.0,True,mid-tier
POST_01473,2025-08-04 01:27:00,TikTok,Stitch,Health,6383,672,4136,204933,2161,48001,23.31,1,Monday,29,578,Positive,Micro,True,False,8,2025,13352,65.15300122479053,278.16087164850734,23.31,204933.0,6383.0,13352.0,True,micro
POST_04815,2025-08-04 01:38:00,TikTok,Video,Health,39319,146,1138,39281,1976,103190,39.35,1,Monday,7,276,Neutral,Macro,True,False,8,2025,42579,1083.959166009012,412.62719255741837,39.35,39281.0,39319.0,42579.0,True,macro
POST_03156,2025-08-04 04:12:00,Facebook,Post,Sports,4056,251,592,69488,368,188430,2.6,4,Monday,27,1345,Negative,Macro,True,False,8,2025,5267,75.797259958554,27.952024624529002,2.6,69488.0,4056.0,5267.0,True,macro
POST_04450,2025-08-04 23:17:00,LinkedIn,Post,Sports,1566,49,191,8896,48,348953,0.52,23,Monday,14,542,Positive,Macro,True,False,8,2025,1854,208.40827338129498,5.31303642610896,0.52,8896.0,1566.0,1854.0,True,macro
POST_00376,2025-08-05 09:28:00,Twitter,Tweet,Health,2042,68,225,10695,459,381792,0.61,9,Tuesday,27,802,Positive,Macro,True,False,8,2025,2794,261.24357176250584,7.318120861620987,0.61,10695.0,2042.0,2794.0,True,macro
POST_00095,2025-08-07 18:30:00,TikTok,Stitch,Fitness,49362,99,782,444575,1406,50269,99.95,18,Thursday,8,311,Neutral,Mid-tier,False,False,8,2025,51649,116.17612326379125,1027.452306590543,99.95,444575.0,47071.60000000001,51649.0,True,mid-tier
POST_00855,2025-08-08 13:39:00,Instagram,Reel,Fitness,3189,210,7,49452,40,105483,3.23,13,Friday,25,554,Positive,Macro,True,False,8,2025,3446,69.68373372158861,32.66877127120009,3.23,49452.0,3189.0,3446.0,True,macro
POST_00667,2025-08-08 20:12:00,Instagram,Photo,Health,8310,98,187,11643,691,207165,4.15,20,Friday,18,1681,Neutral,Macro,False,True,8,2025,9286,797.560766125569,44.82417396761036,4.15,11643.0,8310.0,9286.0,True,macro
POST_02094,2025-08-09 04:03:00,Facebook,Live,Sports,4042,207,503,13682,569,258201,1.84,4,Saturday,27,336,Positive,Macro,True,True,8,2025,5321,388.9051308288262,20.60797595671589,1.84,13682.0,4042.0,5321.0,True,macro
POST_03905,2025-08-09 04:40:00,TikTok,Stitch,Sports,24710,166,3364,122702,445,71234,39.64,4,Saturday,7,516,Neutral,Mid-tier,True,False,8,2025,28685,233.77777053348763,402.68691916781313,39.64,122702.0,24710.0,28685.0,True,mid-tier
POST_04228,2025-08-09 11:52:00,Facebook,Story,Fitness,7361,351,984,25219,650,193991,4.48,11,Saturday,29,504,Positive,Macro,True,True,8,2025,9346,370.5936000634442,48.17749277028316,4.48,25219.0,7361.0,9346.0,True,macro
POST_02009,2025-08-09 19:25:00,Instagram,Carousel,Sports,3653,24,121,2644,129,302246,1.26,19,Saturday,3,1511,Positive,Macro,True,False,8,2025,3927,1485.249621785174,12.99272777803511,1.26,2644.0,3653.0,3927.0,True,macro
POST_03703,2025-08-09 21:08:00,Twitter,Retweet,Fitness,3101,213,753,83447,493,58823,6.91,21,Saturday,18,1310,Positive,Mid-tier,True,False,8,2025,4560,54.64546358766642,77.52069768627918,6.91,83447.0,3101.0,4560.0,True,mid-tier
POST_02204,2025-08-10 08:11:00,Instagram,Carousel,Health,942,54,108,19964,754,68745,1.61,8,Sunday,3,1359,Neutral,Mid-tier,True,False,8,2025,1858,93.06752153876978,27.0274201760128,1.61,19964.0,942.0,1858.0,True,mid-tier
POST_01509,2025-08-10 13:52:00,Facebook,Video,Sports,6874,304,50,40752,585,156777,4.61,13,Sunday,10,337,Neutral,Macro,True,False,8,2025,7813,191.72065174715354,49.835116120349284,4.61,40752.0,6874.0,7813.0,True,macro
POST_01805,2025-08-10 21:31:00,Twitter,Poll,Sports,4644,141,1794,95870,350,25928,25.37,21,Sunday,4,300,Neutral,Micro,True,False,8,2025,6929,72.2749556691353,267.2400493674792,25.37,95870.0,4644.0,6929.0,True,micro
POST_04355,2025-08-12 03:43:00,Facebook,Post,Health,3011,123,746,42617,10,407607,0.95,3,Tuesday,18,918,Neutral,Macro,True,True,8,2025,3890,91.27812844639463,9.543506367653157,0.95,42617.0,3011.0,3890.0,True,macro
POST_02238,2025-08-12 21:14:00,Instagram,Carousel,Health,3391,355,221,24559,237,52104,7.61,21,Tuesday,20,1057,Neutral,Mid-tier,True,True,8,2025,4204,171.17960829023986,80.68478427759865,7.61,24559.0,3391.0,4204.0,True,mid-tier
POST_04986,2025-08-13 00:18:00,Instagram,Reel,Sports,4717,423,243,26640,596,68463,7.86,0,Wednesday,10,394,Neutral,Mid-tier,True,False,8,2025,5979,224.43693693693695,87.3318434774988,7.86,26640.0,4717.0,5979.0,True,mid-tier
POST_02453,2025-08-13 12:05:00,Facebook,Live,Health,139,151,410,65985,706,438498,0.16,12,Wednesday,23,506,Positive,Macro,True,False,8,2025,1406,21.30787300143972,3.2064000291905552,0.16,65985.0,139.0,1406.0,True,macro
POST_02258,2025-08-13 18:41:00,Twitter,Tweet,Fitness,3534,121,1253,89633,259,188820,2.6,18,Wednesday,10,1894,Neutral,Macro,True,False,8,2025,5167,57.646179420525925,27.36468594428556,2.6,89633.0,3534.0,5167.0,True,macro
POST_01429,2025-08-13 20:04:00,Facebook,Live,Sports,7579,273,938,24758,699,60806,14.46,20,Wednesday,16,212,Positive,Mid-tier,False,True,8,2025,9489,383.2700541239196,156.05367891326514,14.46,24758.0,7579.0,9489.0,True,mid-tier
POST_01344,2025-08-14 04:36:00,LinkedIn,Poll,Health,1031,43,51,1014,236,394423,0.29,4,Thursday,22,1472,Negative,Macro,True,False,8,2025,1361,1342.2090729783038,3.450610131762093,0.29,1014.0,1031.0,1361.0,True,macro
POST_04679,2025-08-14 13:46:00,LinkedIn,Post,Fitness,235,78,230,23350,112,455161,0.12,13,Thursday,17,301,Neutral,Macro,True,True,8,2025,655,28.051391862955033,1.4390512368151052,0.12,23350.0,235.0,655.0,True,macro
POST_02810,2025-08-14 15:54:00,LinkedIn,Article,Fitness,521,80,110,6334,189,428562,0.17,15,Thursday,27,1056,Positive,Macro,True,False,8,2025,900,142.0903062835491,2.100046201016422,0.17,6334.0,521.0,900.0,True,macro
POST_00588,2025-08-14 16:13:00,Instagram,Photo,Sports,9396,361,174,37193,894,101995,9.74,16,Thursday,25,873,Positive,Macro,True,False,8,2025,10825,291.04939101443824,106.13265356144909,9.74,37193.0,9396.0,10825.0,True,macro
POST_00494,2025-08-16 11:46:00,Instagram,Photo,Fitness,4140,19,161,31424,990,413077,1.05,11,Saturday,8,1109,Positive,Macro,True,False,8,2025,5310,168.97912423625255,12.854746209544468,1.05,31424.0,4140.0,5310.0,True,macro
POST_00761,2025-08-18 23:48:00,Instagram,Photo,Sports,8031,265,114,13193,995,294779,2.85,23,Monday,22,868,Positive,Macro,True,True,8,2025,9405,712.8780413855833,31.90525783722721,2.85,13193.0,8031.0,9405.0,True,macro
POST_02445,2025-08-19 07:14:00,Twitter,Thread,Health,2855,168,667,37392,304,49996,7.38,7,Tuesday,21,1734,Neutral,Micro,True,False,8,2025,3994,106.8142918271288,79.88639091127291,7.38,37392.0,2855.0,3994.0,True,micro
POST_03979,2025-08-20 20:02:00,Instagram,Carousel,Fitness,6911,36,75,49902,459,357178,1.97,20,Wednesday,10,1507,Neutral,Macro,True,False,8,2025,7481,149.91383110897357,20.944739037678694,1.97,49902.0,6911.0,7481.0,True,macro
POST_01480,2025-08-21 03:09:00,Twitter,Poll,Sports,2084,224,1322,40305,314,485699,0.75,3,Thursday,10,1588,Positive,Macro,False,False,8,2025,3944,97.85386428482819,8.120255549218756,0.75,40305.0,2084.0,3944.0,True,macro
POST_03383,2025-08-21 23:24:00,Instagram,Reel,Sports,5604,111,9,42661,251,210139,2.72,23,Thursday,15,370,Positive,Macro,True,True,8,2025,5975,140.05766390848783,28.433560643193314,2.72,42661.0,5604.0,5975.0,True,macro
POST_01995,2025-08-22 01:44:00,TikTok,Duet,Health,1244,1989,2719,358807,2918,479502,1.24,1,Friday,12,397,Positive,Macro,True,False,8,2025,8870,24.720810909486158,18.498358713832268,1.24,358807.0,1244.0,8870.0,True,macro
POST_01890,2025-08-22 15:59:00,YouTube,Community Post,Sports,14186,101,290,96341,4664,427266,3.41,15,Friday,19,1767,Neutral,Macro,True,True,8,2025,19241,199.71766952803063,45.03283668721593,3.41,96341.0,14186.0,19241.0,True,macro
POST_00565,2025-08-22 17:45:00,Twitter,Tweet,Fitness,2757,28,1148,49408,312,301398,1.3,17,Friday,8,575,Neutral,Macro,True,True,8,2025,4245,85.91726036269431,14.084366850476778,1.3,49408.0,2757.0,4245.0,True,macro
POST_02192,2025-08-23 00:30:00,YouTube,Short,Sports,4714,186,1995,406255,4221,363729,1.9,0,Saturday,11,516,Positive,Macro,True,True,8,2025,11116,27.362124773848937,30.561214530598328,1.9,406255.0,4714.0,11116.0,True,macro
POST_01557,2025-08-23 03:21:00,Facebook,Story,Fitness,5310,142,497,4459,538,337628,1.76,3,Saturday,21,1096,Positive,Macro,True,False,8,2025,6487,1454.810495626822,19.21345386046181,1.76,4459.0,5310.0,6487.0,True,macro
POST_00954,2025-08-23 07:15:00,YouTube,Video,Fitness,2421,929,1262,23205,3687,360006,1.28,7,Saturday,26,576,Neutral,Macro,True,True,8,2025,8299,357.6384399913812,23.052393571218257,1.28,23205.0,2421.0,8299.0,True,macro
POST_04568,2025-08-23 20:52:00,Instagram,Story,Health,4068,207,12,7574,668,150488,2.85,20,Saturday,11,1999,Positive,Macro,True,False,8,2025,4955,654.2117771322947,32.92621338578491,2.85,7574.0,4068.0,4955.0,True,macro
POST_01313,2025-08-25 22:22:00,Facebook,Live,Health,3620,114,52,58971,40,302883,1.25,22,Monday,25,328,Positive,Macro,True,False,8,2025,3826,64.87934747587798,12.631940386221741,1.25,58971.0,3620.0,3826.0,True,macro
POST_00012,2025-08-26 08:51:00,YouTube,Short,Health,2310,904,491,722243,185,292668,1.27,8,Tuesday,19,25,Neutral,Macro,False,True,8,2025,3890,5.38599889510871,13.291511200404555,1.27,722243.0,2310.0,3890.0,True,macro
POST_01776,2025-08-26 16:10:00,Twitter,Tweet,Sports,4888,243,1415,37498,274,95826,6.83,16,Tuesday,9,472,Negative,Mid-tier,True,False,8,2025,6820,181.87636673955944,71.17066349425,6.83,37498.0,4888.0,6820.0,True,mid-tier
POST_04562,2025-08-26 16:38:00,Twitter,Retweet,Fitness,1080,245,47,48112,18,406885,0.34,16,Tuesday,27,1598,Neutral,Macro,True,False,8,2025,1390,28.890921183904226,3.4161986802167688,0.34,48112.0,1080.0,1390.0,True,macro
POST_02124,2025-08-26 23:58:00,Twitter,Poll,Fitness,3310,144,1343,99737,397,159249,3.01,23,Tuesday,20,395,Neutral,Macro,True,False,8,2025,5194,52.0769624111413,32.61558942285352,3.01,99737.0,3310.0,5194.0,True,macro
POST_02089,2025-08-27 05:41:00,TikTok,Stitch,Sports,36105,155,1325,21350,1622,69951,53.73,5,Wednesday,23,203,Positive,Mid-tier,True,False,8,2025,39207,1836.393442622951,560.4923446412489,53.73,21350.0,36105.0,39207.0,True,mid-tier
POST_02047,2025-08-27 06:58:00,Instagram,Story,Fitness,4501,322,88,26166,868,226542,2.17,6,Wednesday,10,1631,Negative,Macro,True,False,8,2025,5779,220.8591301689215,25.509618525483134,2.17,26166.0,4501.0,5779.0,True,macro
POST_01827,2025-08-27 15:51:00,Instagram,Reel,Health,7516,252,298,46532,973,113594,7.1,15,Wednesday,20,73,Positive,Macro,True,True,8,2025,9039,194.25341700335252,79.57286476398401,7.1,46532.0,7516.0,9039.0,True,macro
POST_00848,2025-08-29 18:09:00,YouTube,Community Post,Health,18885,294,429,877882,2844,365340,5.37,18,Friday,18,1864,Positive,Macro,False,False,8,2025,22452,25.575191198817155,61.455082936442764,5.37,877882.0,18885.0,22452.0,True,macro
POST_04903,2025-08-30 04:01:00,Instagram,Reel,Fitness,4042,455,283,28733,737,364431,1.31,4,Saturday,7,384,Neutral,Macro,False,False,8,2025,5517,192.0091880416246,15.138668225260748,1.31,28733.0,4042.0,5517.0,True,macro
POST_02974,2025-08-30 09:26:00,LinkedIn,Document,Sports,276,25,444,12747,159,73997,1.01,9,Saturday,1,1205,Positive,Mid-tier,False,False,8,2025,904,70.91864752490783,12.216711488303579,1.01,12747.0,276.0,904.0,True,mid-tier
POST_01781,2025-08-31 01:42:00,Instagram,Photo,Fitness,6608,116,292,6114,109,113456,6.18,1,Sunday,24,594,Positive,Macro,True,False,8,2025,7125,1165.3581943081454,62.79967564518403,6.18,6114.0,6608.0,7125.0,True,macro
POST_03701,2025-09-01 07:22:00,Facebook,Post,Fitness,6737,21,329,4988,780,1223,579.48,7,Monday,8,589,Positive,Nano,True,False,9,2025,7867,1577.185244587009,6432.542927228128,167.99900000000105,4988.0,6737.0,7867.0,True,nano
POST_02632,2025-09-01 18:50:00,LinkedIn,Document,Health,543,17,213,6279,239,92322,0.84,18,Monday,9,1459,Neutral,Mid-tier,True,True,9,2025,1012,161.1721611721612,10.961634280019931,0.84,6279.0,543.0,1012.0,True,mid-tier
POST_02956,2025-09-01 19:14:00,LinkedIn,Post,Fitness,1400,7,485,3359,117,28179,6.71,19,Monday,19,1522,Neutral,Micro,True,False,9,2025,2009,598.0946710330456,71.29422619681324,6.71,3359.0,1400.0,2009.0,True,micro
POST_03903,2025-09-01 22:04:00,YouTube,Live,Health,16119,863,1139,108620,1402,25191,71.93,22,Monday,8,471,Neutral,Micro,True,False,9,2025,19523,179.73669674093168,774.999007582073,71.93,108620.0,16119.0,19523.0,True,micro
POST_01283,2025-09-02 04:36:00,Facebook,Story,Health,3081,206,116,52324,265,323555,1.05,4,Tuesday,9,1133,Positive,Macro,False,True,9,2025,3668,70.10167418393088,11.336557926782156,1.05,52324.0,3081.0,3668.0,True,macro
POST_04366,2025-09-02 05:41:00,LinkedIn,Article,Fitness,1603,143,423,7973,145,283484,0.77,5,Tuesday,3,1235,Neutral,Macro,False,False,9,2025,2314,290.2295246456792,8.162718178098235,0.77,7973.0,1603.0,2314.0,True,macro
POST_02770,2025-09-02 12:20:00,LinkedIn,Document,Health,1340,106,346,5234,125,308457,0.58,12,Tuesday,23,1720,Neutral,Macro,True,False,9,2025,1917,366.25907527703475,6.21480465672687,0.58,5234.0,1340.0,1917.0,True,macro
POST_00191,2025-09-02 13:22:00,Instagram,Carousel,Fitness,9431,297,69,28373,179,64814,15.12,13,Tuesday,18,1253,Positive,Mid-tier,False,False,9,2025,9976,351.601875022028,153.91736353257014,15.12,28373.0,9431.0,9976.0,True,mid-tier
POST_04835,2025-09-03 06:04:00,Facebook,Live,Sports,2316,194,131,18125,548,275520,0.96,6,Wednesday,21,489,Positive,Macro,True,True,9,2025,3189,175.94482758620688,11.574477351916375,0.96,18125.0,2316.0,3189.0,True,macro
POST_03461,2025-09-03 08:04:00,Twitter,Tweet,Sports,4681,260,355,50179,371,466303,1.14,8,Wednesday,29,1193,Neutral,Macro,True,False,9,2025,5667,112.93569022898026,12.153042120681189,1.14,50179.0,4681.0,5667.0,True,macro
POST_00914,2025-09-03 15:16:00,Twitter,Poll,Fitness,1108,3,1160,27957,36,499059,0.46,15,Wednesday,28,425,Neutral,Macro,True,False,9,2025,2307,82.51958364631398,4.6226999212517965,0.46,27957.0,1108.0,2307.0,True,macro
POST_00381,2025-09-04 01:56:00,Instagram,Photo,Sports,9647,70,6,28240,874,139080,6.99,1,Thursday,15,806,Positive,Macro,True,False,9,2025,10597,375.24787535410763,76.19355766465344,6.99,28240.0,9647.0,10597.0,True,macro
POST_04326,2025-09-05 10:19:00,YouTube,Community Post,Health,3679,603,13,376561,1083,285114,1.51,10,Friday,23,727,Neutral,Macro,True,True,9,2025,5378,14.28188261662785,18.862630386441914,1.51,376561.0,3679.0,5378.0,True,macro
POST_03381,2025-09-06 03:49:00,Twitter,Poll,Health,1262,161,509,85076,242,97262,1.99,3,Saturday,11,514,Negative,Mid-tier,False,False,9,2025,2174,25.553622643283653,22.35199769694228,1.99,85076.0,1262.0,2174.0,True,mid-tier
POST_01717,2025-09-06 12:42:00,Instagram,Carousel,Health,8196,69,191,8270,959,286351,2.95,12,Saturday,20,1364,Neutral,Macro,True,False,9,2025,9415,1138.4522370012091,32.87922863897804,2.95,8270.0,8196.0,9415.0,True,macro
POST_02156,2025-09-06 13:05:00,Instagram,Carousel,Sports,3577,263,271,18372,43,38488,10.68,13,Saturday,18,865,Negative,Micro,True,False,9,2025,4154,226.10494230350534,107.9297443358969,10.68,18372.0,3577.0,4154.0,True,micro
POST_03610,2025-09-08 22:42:00,YouTube,Community Post,Fitness,19698,17,1937,45561,2313,58814,36.81,22,Monday,18,444,Positive,Mid-tier,True,False,9,2025,23965,525.9981124207108,407.4710103036692,36.81,45561.0,19698.0,23965.0,True,mid-tier
POST_01081,2025-09-09 01:55:00,TikTok,Stitch,Health,14770,1880,4748,462391,624,490106,4.37,1,Tuesday,28,512,Positive,Macro,True,False,9,2025,22022,47.626359509592525,44.933136913239174,4.37,462391.0,14770.0,22022.0,True,macro
POST_01089,2025-09-10 22:13:00,YouTube,Community Post,Fitness,12993,71,1978,512844,4091,340847,4.41,22,Wednesday,22,490,Positive,Macro,False,False,9,2025,19133,37.307641310027996,56.13369048282661,4.41,512844.0,12993.0,19133.0,True,macro
POST_02553,2025-09-12 18:39:00,TikTok,Stitch,Fitness,27616,1305,74,473668,2960,473959,6.12,18,Friday,1,593,Positive,Macro,True,False,9,2025,31955,67.46286428468885,67.42144362698039,6.12,473668.0,27616.0,31955.0,True,macro
POST_04555,2025-09-13 03:27:00,Facebook,Video,Health,2208,11,728,7577,121,471348,0.63,3,Saturday,24,91,Neutral,Macro,True,False,9,2025,3068,404.9095948264484,6.5089912336532665,0.63,7577.0,2208.0,3068.0,True,macro
POST_00797,2025-09-14 21:50:00,YouTube,Live,Health,6715,203,1797,395289,1185,366646,2.38,21,Sunday,14,73,Positive,Macro,False,False,9,2025,9900,25.04496710002049,27.001521903961862,2.38,395289.0,6715.0,9900.0,True,macro
POST_00596,2025-09-15 21:53:00,Facebook,Video,Health,1650,282,249,38987,369,356481,0.61,21,Monday,1,471,Neutral,Macro,True,False,9,2025,2550,65.40641752378998,7.153256414787885,0.61,38987.0,1650.0,2550.0,True,macro
POST_02820,2025-09-16 02:15:00,Twitter,Retweet,Fitness,1011,186,1419,18830,338,364952,0.72,2,Tuesday,24,1528,Neutral,Macro,False,False,9,2025,2954,156.87732342007436,8.094215129660887,0.72,18830.0,1011.0,2954.0,True,macro
POST_00515,2025-09-16 07:41:00,Instagram,Reel,Fitness,4292,378,177,1939,696,186064,2.61,7,Tuesday,20,383,Positive,Macro,False,False,9,2025,5543,2858.6900464156784,29.790824662481725,2.61,1939.0,4292.0,5543.0,True,macro
POST_01879,2025-09-17 06:12:00,Twitter,Retweet,Sports,867,233,700,15694,279,201670,0.89,6,Wednesday,0,777,Positive,Macro,True,False,9,2025,2079,132.47100802854595,10.308920513710518,0.89,15694.0,867.0,2079.0,True,macro
POST_01571,2025-09-18 07:40:00,Facebook,Video,Sports,4827,75,689,77297,305,482095,1.16,7,Thursday,18,216,Neutral,Macro,True,True,9,2025,5896,76.27721645083251,12.229954676982752,1.16,77297.0,4827.0,5896.0,True,macro
POST_01549,2025-09-20 06:51:00,Instagram,Carousel,Fitness,3563,40,3,11634,370,197013,1.83,6,Saturday,9,971,Neutral,Macro,True,False,9,2025,3976,341.7569193742479,20.181409348621663,1.83,11634.0,3563.0,3976.0,True,macro
POST_02263,2025-09-20 09:29:00,TikTok,Stitch,Sports,19675,1761,3227,183803,2670,81981,30.08,9,Saturday,29,477,Neutral,Mid-tier,True,False,9,2025,27333,148.70812772370417,333.4065210231639,30.08,183803.0,19675.0,27333.0,True,mid-tier
POST_00846,2025-09-21 17:05:00,Twitter,Tweet,Health,3541,220,1653,67836,456,48986,11.05,17,Sunday,29,660,Neutral,Micro,True,False,9,2025,5870,86.53222477740432,119.83015555464827,11.05,67836.0,3541.0,5870.0,True,micro
POST_02114,2025-09-21 19:02:00,TikTok,Video,Sports,33408,1449,2442,292010,2140,486796,7.66,19,Sunday,23,266,Neutral,Macro,True,False,9,2025,39439,135.06044313550905,81.01751041504039,7.66,292010.0,33408.0,39439.0,True,macro
POST_03571,2025-09-23 11:44:00,Twitter,Tweet,Fitness,4357,201,1747,80066,309,225136,2.8,11,Tuesday,29,869,Neutral,Macro,True,False,9,2025,6614,82.60684934928683,29.377798308577926,2.8,80066.0,4357.0,6614.0,True,macro
POST_02567,2025-09-23 15:44:00,Instagram,Photo,Fitness,7713,464,285,13646,415,175308,4.83,15,Tuesday,15,1351,Neutral,Macro,True,False,9,2025,8877,650.5202989887147,50.63659388048463,4.83,13646.0,7713.0,8877.0,True,macro
POST_03300,2025-09-23 21:22:00,TikTok,Duet,Sports,42224,1981,3547,169139,2436,415378,11.5,21,Tuesday,25,110,Neutral,Macro,True,False,9,2025,50188,296.7263611585737,120.8248872111667,11.5,169139.0,42224.0,50188.0,True,macro
POST_00452,2025-09-24 02:15:00,Facebook,Video,Fitness,1810,381,872,42992,435,43513,7.04,2,Wednesday,8,378,Neutral,Micro,True,True,9,2025,3498,81.36397469296614,80.38976857490864,7.04,42992.0,1810.0,3498.0,True,micro
POST_03677,2025-09-25 20:28:00,Instagram,Carousel,Sports,9146,440,59,27865,117,275818,3.5,20,Thursday,3,729,Positive,Macro,True,False,9,2025,9762,350.33195765296966,35.39290401641662,3.5,27865.0,9146.0,9762.0,True,macro
POST_04790,2025-09-26 21:08:00,Twitter,Tweet,Health,1697,84,1417,23114,285,80292,3.98,21,Friday,20,744,Neutral,Mid-tier,True,False,9,2025,3483,150.68789478238298,43.37916604393962,3.98,23114.0,1697.0,3483.0,True,mid-tier
POST_01740,2025-09-27 02:30:00,Twitter,Poll,Health,4507,207,389,14570,441,326234,1.56,2,Saturday,0,72,Negative,Macro,True,False,9,2025,5544,380.5078929306795,16.993936867401924,1.56,14570.0,4507.0,5544.0,True,macro
POST_03898,2025-09-27 19:06:00,TikTok,Duet,Fitness,1245,1286,1495,131803,2971,406336,0.99,19,Saturday,26,459,Positive,Macro,True,False,9,2025,6997,53.08680379050553,17.219739329028194,0.99,131803.0,1245.0,6997.0,True,macro
POST_01966,2025-09-28 07:02:00,Facebook,Post,Health,2891,155,750,3777,613,315694,1.2,7,Sunday,1,280,Positive,Macro,False,False,9,2025,4409,1167.3285676462801,13.966055737517976,1.2,3777.0,2891.0,4409.0,True,macro
POST_00139,2025-09-28 18:06:00,Twitter,Tweet,Sports,834,280,1657,44625,423,59985,4.62,18,Sunday,7,1883,Negative,Mid-tier,True,True,9,2025,3194,71.57422969187675,53.246644994581985,4.62,44625.0,834.0,3194.0,True,mid-tier
POST_02612,2025-09-29 08:00:00,Instagram,Story,Health,1339,56,144,42103,867,446702,0.34,8,Monday,29,676,Positive,Macro,True,False,9,2025,2406,57.14557157447213,5.386141096301337,0.34,42103.0,1339.0,2406.0,True,macro
POST_03514,2025-09-29 14:20:00,TikTok,Duet,Sports,10761,1849,2533,211930,2664,256401,5.91,14,Monday,25,341,Positive,Macro,True,False,9,2025,17807,84.02302647100458,69.44980713803768,5.91,211930.0,10761.0,17807.0,True,macro
POST_02717,2025-09-29 17:32:00,Facebook,Post,Fitness,4790,346,334,37601,359,322736,1.69,17,Monday,10,931,Neutral,Macro,True,True,9,2025,5829,155.0224728065743,18.06120172524912,1.69,37601.0,4790.0,5829.0,True,macro
POST_00446,2025-09-30 22:25:00,YouTube,Short,Fitness,7276,891,402,649843,3210,369571,2.32,22,Tuesday,21,166,Positive,Macro,True,False,9,2025,11779,18.12591656754016,31.872089530834398,2.32,649843.0,7276.0,11779.0,True,macro
POST_04670,2025-10-01 09:22:00,LinkedIn,Poll,Sports,1581,58,170,19451,90,451548,0.4,9,Wednesday,20,629,Negative,Macro,True,True,10,2025,1899,97.6299419053005,4.205532966594913,0.4,19451.0,1581.0,1899.0,True,macro
POST_04792,2025-10-01 10:23:00,YouTube,Live,Fitness,11313,902,893,179953,4607,417102,3.14,10,Wednesday,21,340,Positive,Macro,True,False,10,2025,17715,98.44237106355548,42.471625645525556,3.14,179953.0,11313.0,17715.0,True,macro
POST_00654,2025-10-01 10:55:00,LinkedIn,Article,Sports,1945,122,231,9774,100,400575,0.57,10,Wednesday,22,1094,Positive,Macro,True,False,10,2025,2398,245.34479230611828,5.98639455782313,0.57,9774.0,1945.0,2398.0,True,macro
POST_02362,2025-10-02 01:03:00,Twitter,Poll,Sports,4697,221,1259,40713,311,410810,1.5,1,Thursday,13,322,Neutral,Macro,True,False,10,2025,6488,159.35941836759756,15.793189065504736,1.5,40713.0,4697.0,6488.0,True,macro
POST_02524,2025-10-02 09:15:00,Twitter,Thread,Sports,4248,208,55,34159,188,185659,2.43,9,Thursday,9,1263,Positive,Macro,True,False,10,2025,4699,137.56257501683305,25.309842237650745,2.43,34159.0,4248.0,4699.0,True,macro
POST_02043,2025-10-03 02:46:00,Facebook,Live,Health,254,387,647,50762,616,405935,0.32,2,Friday,8,76,Positive,Macro,True,False,10,2025,1904,37.50837240455459,4.690406099498688,0.32,50762.0,254.0,1904.0,True,macro
POST_01761,2025-10-03 23:15:00,Facebook,Post,Sports,5916,280,137,46605,534,125104,5.06,23,Friday,25,77,Neutral,Macro,True,False,10,2025,6867,147.34470550370133,54.890331244404656,5.06,46605.0,5916.0,6867.0,True,macro
POST_00052,2025-10-04 05:50:00,TikTok,Stitch,Sports,2519,1606,3515,415356,2574,121757,6.27,5,Saturday,10,329,Positive,Macro,False,False,10,2025,10214,24.590953302709003,83.8884006669021,6.27,415356.0,2519.0,10214.0,True,macro
POST_00857,2025-10-04 17:18:00,Instagram,Reel,Sports,8188,391,290,8663,972,439832,2.02,17,Saturday,6,524,Neutral,Macro,True,True,10,2025,9841,1135.9806071799608,22.37445206351516,2.02,8663.0,8188.0,9841.0,True,macro
POST_00492,2025-10-04 20:02:00,Facebook,Post,Fitness,3069,58,795,73776,471,454307,0.86,20,Saturday,13,1914,Neutral,Macro,True,False,10,2025,4393,59.54510952071134,9.669672710303825,0.86,73776.0,3069.0,4393.0,True,macro
POST_03700,2025-10-04 21:34:00,Twitter,Tweet,Fitness,947,65,1779,5555,20,143896,1.94,21,Saturday,18,620,Neutral,Macro,True,False,10,2025,2811,506.030603060306,19.53494190248513,1.94,5555.0,947.0,2811.0,True,macro
POST_04077,2025-10-05 17:18:00,Twitter,Retweet,Health,787,135,1060,5121,403,85980,2.31,17,Sunday,1,1091,Neutral,Mid-tier,True,True,10,2025,2385,465.7293497363796,27.73900907187718,2.31,5121.0,787.0,2385.0,True,mid-tier
POST_02093,2025-10-06 16:02:00,Instagram,Reel,Sports,9342,340,46,20997,876,229792,4.23,16,Monday,25,184,Neutral,Macro,True,False,10,2025,10604,505.0245273134257,46.14607993315694,4.23,20997.0,9342.0,10604.0,True,macro
POST_02645,2025-10-06 16:05:00,Instagram,Story,Fitness,3763,473,28,43160,464,6139,69.46,16,Monday,21,1280,Positive,Nano,True,True,10,2025,4728,109.54587581093605,770.1580061899332,69.46,43160.0,3763.0,4728.0,True,nano
POST_03641,2025-10-07 03:55:00,Instagram,Story,Sports,2948,448,84,18442,532,64647,5.38,3,Tuesday,12,905,Positive,Mid-tier,True,False,10,2025,4012,217.54690380652858,62.06011106470524,5.38,18442.0,2948.0,4012.0,True,mid-tier
POST_02245,2025-10-07 16:34:00,TikTok,Duet,Health,4954,1549,1919,265956,2994,201941,4.17,16,Tuesday,24,113,Positive,Macro,True,False,10,2025,11416,42.92439350870068,56.53136312091155,4.17,265956.0,4954.0,11416.0,True,macro
POST_02264,2025-10-08 04:55:00,Twitter,Poll,Fitness,2596,35,536,60337,166,476954,0.66,4,Wednesday,25,909,Positive,Macro,False,False,10,2025,3333,55.239736811574986,6.988095288015196,0.66,60337.0,2596.0,3333.0,True,macro
POST_04908,2025-10-08 11:11:00,Instagram,Story,Sports,4354,205,138,15400,865,459194,1.02,11,Wednesday,14,1008,Neutral,Macro,True,True,10,2025,5562,361.1688311688312,12.112527602712579,1.02,15400.0,4354.0,5562.0,True,macro
POST_00453,2025-10-08 21:58:00,Twitter,Poll,Fitness,412,110,1917,3395,54,78481,3.11,21,Wednesday,29,856,Neutral,Mid-tier,True,False,10,2025,2493,734.3151693667157,31.7656502847823,3.11,3395.0,412.0,2493.0,True,mid-tier
POST_02459,2025-10-09 12:03:00,Facebook,Story,Health,1948,67,646,67024,797,46142,5.77,12,Thursday,20,1840,Positive,Micro,True,False,10,2025,3458,51.5934590594414,74.94256859260544,5.77,67024.0,1948.0,3458.0,True,micro
POST_02653,2025-10-09 15:31:00,Twitter,Thread,Sports,786,144,619,33162,497,227658,0.68,15,Thursday,1,1489,Positive,Macro,True,False,10,2025,2046,61.697123213316445,8.98716495796326,0.68,33162.0,786.0,2046.0,True,macro
POST_04606,2025-10-09 19:23:00,TikTok,Duet,Health,23279,860,4667,254750,2171,136912,21.04,19,Thursday,27,333,Neutral,Macro,True,False,10,2025,30977,121.59764474975466,226.25482061470143,21.04,254750.0,23279.0,30977.0,True,macro
POST_00218,2025-10-10 19:21:00,LinkedIn,Article,Health,799,18,195,17055,269,357335,0.28,19,Friday,16,1658,Positive,Macro,True,False,10,2025,1281,75.10993843447669,3.5848713392195,0.28,17055.0,799.0,1281.0,True,macro
POST_01175,2025-10-11 04:47:00,Facebook,Post,Fitness,5309,72,629,59700,142,382768,1.57,4,Saturday,5,906,Neutral,Macro,False,True,10,2025,6152,103.04857621440536,16.07239894662041,1.57,59700.0,5309.0,6152.0,True,macro
POST_04246,2025-10-13 05:05:00,YouTube,Live,Fitness,11841,420,1305,520372,2739,160147,8.47,5,Monday,2,531,Neutral,Macro,True,False,10,2025,16305,31.33335383148978,101.81270957307974,8.47,520372.0,11841.0,16305.0,True,macro
POST_03181,2025-10-13 11:03:00,Instagram,Carousel,Sports,4327,455,98,13350,323,253256,1.93,11,Monday,28,485,Negative,Macro,True,False,10,2025,5203,389.7378277153558,20.544429352118016,1.93,13350.0,4327.0,5203.0,True,macro
POST_01613,2025-10-15 09:05:00,Facebook,Video,Health,664,334,255,20066,137,231604,0.54,9,Wednesday,25,308,Neutral,Macro,True,True,10,2025,1390,69.27140436559354,6.001623460734702,0.54,20066.0,664.0,1390.0,True,macro
POST_03183,2025-10-16 02:32:00,Twitter,Thread,Sports,1896,79,974,87708,203,380265,0.78,2,Thursday,20,689,Positive,Macro,True,False,10,2025,3152,35.93742874082182,8.288956385678407,0.78,87708.0,1896.0,3152.0,True,macro
POST_00066,2025-10-16 16:38:00,Facebook,Live,Sports,6777,319,402,36161,83,135428,5.54,16,Thursday,2,339,Positive,Macro,True,False,10,2025,7581,209.645750947153,55.978084295714325,5.54,36161.0,6777.0,7581.0,True,macro
POST_03399,2025-10-16 22:23:00,Instagram,Story,Health,7653,210,234,21033,589,110516,7.33,22,Thursday,22,1574,Positive,Macro,True,False,10,2025,8686,412.9700946132268,78.59495457671288,7.33,21033.0,7653.0,8686.0,True,macro
POST_02977,2025-10-17 08:33:00,TikTok,Duet,Fitness,14087,773,3388,194313,1002,8929,204.37,8,Friday,28,521,Negative,Nano,True,False,10,2025,19250,99.06696927122735,2155.8965169671856,167.99900000000105,194313.0,14087.0,19250.0,True,nano
POST_00853,2025-10-18 18:16:00,Instagram,Reel,Health,3374,146,144,40886,792,239714,1.53,18,Saturday,14,374,Neutral,Macro,False,False,10,2025,4456,108.98596096463336,18.58881834185738,1.53,40886.0,3374.0,4456.0,True,macro
POST_04737,2025-10-19 12:52:00,Facebook,Video,Health,7874,31,471,30220,301,449196,1.86,12,Sunday,4,192,Neutral,Macro,True,False,10,2025,8677,287.12772998014555,19.316734788377456,1.86,30220.0,7874.0,8677.0,True,macro
POST_02803,2025-10-19 13:55:00,YouTube,Short,Fitness,15433,65,1856,903844,2292,475340,3.65,13,Sunday,5,39,Negative,Macro,True,True,10,2025,19646,21.73605179654896,41.33041612319603,3.65,879754.8300000004,15433.0,19646.0,True,macro
POST_01854,2025-10-20 12:25:00,TikTok,Stitch,Sports,24790,1449,1810,300906,272,104312,26.89,12,Monday,9,334,Neutral,Macro,True,False,10,2025,28321,94.11909367044858,271.50279929442445,26.89,300906.0,24790.0,28321.0,True,macro
POST_01521,2025-10-20 16:15:00,Instagram,Story,Fitness,2007,465,122,4941,733,173284,1.5,16,Monday,7,1183,Negative,Macro,True,False,10,2025,3327,673.3454766241651,19.19969529789248,1.5,4941.0,2007.0,3327.0,True,macro
POST_00595,2025-10-20 17:01:00,TikTok,Duet,Health,12296,164,3388,22279,1571,267001,5.94,17,Monday,13,205,Neutral,Macro,True,True,10,2025,17419,781.8573544593563,65.23945603199988,5.94,22279.0,12296.0,17419.0,True,macro
POST_03088,2025-10-22 00:18:00,Instagram,Reel,Sports,8991,236,93,30198,488,186706,4.99,0,Wednesday,26,561,Neutral,Macro,False,False,10,2025,9808,324.7897211735877,52.53178794468309,4.99,30198.0,8991.0,9808.0,True,macro
POST_03757,2025-10-22 03:41:00,Instagram,Photo,Fitness,3448,422,84,11015,379,38377,10.3,3,Wednesday,22,383,Positive,Micro,True,True,10,2025,4333,393.3726736268724,112.90616775672929,10.3,11015.0,3448.0,4333.0,True,micro
POST_00646,2025-10-22 04:15:00,TikTok,Stitch,Sports,13223,289,3831,477099,2654,219667,7.9,4,Wednesday,10,71,Positive,Macro,True,False,10,2025,19997,41.913732789211466,91.0332457765618,7.9,477099.0,13223.0,19997.0,True,macro
POST_00800,2025-10-22 11:23:00,YouTube,Live,Health,6370,374,556,486910,1149,43173,16.91,11,Wednesday,21,127,Positive,Micro,True,False,10,2025,8449,17.352282762728226,195.70101683922823,16.91,486910.0,6370.0,8449.0,True,micro
POST_03541,2025-10-24 16:05:00,Instagram,Carousel,Health,3031,473,257,5596,648,107337,3.5,16,Friday,0,1176,Neutral,Macro,True,True,10,2025,4409,787.8842030021443,41.07623652608141,3.5,5596.0,3031.0,4409.0,True,macro
POST_02006,2025-10-25 11:00:00,TikTok,Duet,Sports,42944,1043,767,46423,803,348722,12.83,11,Saturday,16,436,Neutral,Macro,True,False,10,2025,45557,981.3454537621437,130.63987933081367,12.83,46423.0,42944.0,45557.0,True,macro
POST_01936,2025-10-25 11:48:00,TikTok,Duet,Fitness,25968,560,3457,108018,2445,122725,24.43,11,Saturday,17,222,Positive,Macro,True,True,10,2025,32430,300.2277398211409,264.2493379507028,24.43,108018.0,25968.0,32430.0,True,macro
POST_01963,2025-10-26 00:07:00,TikTok,Stitch,Sports,14432,1657,4452,486311,2044,384786,5.34,0,Sunday,13,91,Neutral,Macro,True,False,10,2025,22585,46.44147469417718,58.69496291445115,5.34,486311.0,14432.0,22585.0,True,macro
POST_03578,2025-10-26 04:41:00,Facebook,Video,Health,3832,221,370,60147,265,149953,2.95,4,Sunday,29,123,Positive,Macro,True,False,10,2025,4688,77.9423745157697,31.263129113788985,2.95,60147.0,3832.0,4688.0,True,macro
POST_01138,2025-10-27 01:05:00,Facebook,Live,Fitness,4605,353,463,16866,633,446928,1.21,1,Monday,6,217,Positive,Macro,True,False,10,2025,6054,358.94699395233016,13.54580603587155,1.21,16866.0,4605.0,6054.0,True,macro
POST_02752,2025-10-27 02:50:00,LinkedIn,Document,Fitness,1398,42,266,860,138,164935,1.03,2,Monday,26,1654,Positive,Macro,True,False,10,2025,1844,2144.186046511628,11.180161881953497,1.03,860.0,1398.0,1844.0,True,macro
POST_02559,2025-10-27 11:11:00,Instagram,Carousel,Sports,7185,38,131,17013,403,26850,27.39,11,Monday,23,1558,Neutral,Micro,True,False,10,2025,7757,455.9454534767531,288.90130353817506,27.39,17013.0,7185.0,7757.0,True,micro
POST_00010,2025-10-27 22:34:00,LinkedIn,Document,Fitness,562,59,346,22764,196,408621,0.24,22,Monday,11,455,Negative,Macro,True,False,10,2025,1163,51.089439465823226,2.846158175913622,0.24,22764.0,562.0,1163.0,True,macro
POST_01778,2025-10-28 01:24:00,Twitter,Poll,Sports,3511,281,1210,13453,21,170527,2.93,1,Tuesday,5,222,Positive,Macro,True,False,10,2025,5023,373.37396863153197,29.455746010895638,2.93,13453.0,3511.0,5023.0,True,macro
POST_00438,2025-10-29 04:31:00,TikTok,Video,Fitness,20238,1518,4444,48262,1460,397188,6.6,4,Wednesday,7,392,Positive,Macro,True,False,10,2025,27660,573.1217106626332,69.63956615003475,6.6,48262.0,20238.0,27660.0,True,macro
POST_01714,2025-10-29 09:12:00,Facebook,Story,Fitness,6150,223,703,25060,223,159924,4.42,9,Wednesday,2,1094,Positive,Macro,True,False,10,2025,7299,291.2609736632083,45.64042920387184,4.42,25060.0,6150.0,7299.0,True,macro
POST_00109,2025-10-29 17:53:00,Instagram,Photo,Sports,960,405,29,44791,543,370186,0.38,17,Wednesday,14,394,Neutral,Macro,False,False,10,2025,1937,43.24529481369025,5.23250474086,0.38,44791.0,960.0,1937.0,True,macro
POST_04395,2025-10-30 05:05:00,YouTube,Community Post,Health,944,246,289,228751,382,368178,0.4,5,Thursday,23,1153,Neutral,Macro,True,False,10,2025,1861,8.135483560727604,5.054620319519364,0.4,228751.0,944.0,1861.0,True,macro
POST_01294,2025-10-30 15:26:00,LinkedIn,Poll,Fitness,1368,84,174,7850,137,416468,0.39,15,Thursday,9,102,Negative,Macro,False,False,10,2025,1763,224.5859872611465,4.23321839853242,0.39,7850.0,1368.0,1763.0,True,macro
POST_01859,2025-10-31 00:06:00,TikTok,Duet,Fitness,6506,1166,363,337975,2108,128907,6.23,0,Friday,12,55,Neutral,Macro,True,True,10,2025,10143,30.011095495228936,78.68463310758919,6.23,337975.0,6506.0,10143.0,True,macro
POST_02075,2025-10-31 02:33:00,TikTok,Video,Health,32443,1816,4462,79783,957,477549,8.11,2,Friday,15,443,Positive,Macro,False,True,10,2025,39678,497.32399132647305,83.08676177732546,8.11,79783.0,32443.0,39678.0,True,macro
POST_01309,2025-10-31 07:19:00,Twitter,Thread,Health,3350,244,1124,4975,18,86632,5.45,7,Friday,23,790,Negative,Mid-tier,True,False,10,2025,4736,951.9597989949749,54.668021054575675,5.45,4975.0,3350.0,4736.0,True,mid-tier
POST_03165,2025-10-31 21:57:00,Instagram,Photo,Health,7476,97,292,25858,542,153290,5.13,21,Friday,18,1189,Positive,Macro,True,False,10,2025,8407,325.12181916621546,54.84376019309805,5.13,25858.0,7476.0,8407.0,True,macro
POST_00444,2025-11-01 04:04:00,Twitter,Poll,Sports,215,205,462,22309,261,24765,3.56,4,Saturday,3,1688,Neutral,Micro,False,False,11,2025,1143,51.234927607691965,46.15384615384615,3.56,22309.0,215.0,1143.0,True,micro
POST_00570,2025-11-01 20:56:00,Twitter,Tweet,Sports,4935,141,1623,17943,282,407069,1.65,20,Saturday,13,614,Neutral,Macro,True,False,11,2025,6981,389.06537368333056,17.14942675566059,1.65,17943.0,4935.0,6981.0,True,macro
POST_01325,2025-11-02 04:44:00,YouTube,Short,Fitness,475,558,779,506027,3995,167151,1.08,4,Sunday,3,169,Neutral,Macro,True,False,11,2025,5807,11.475672246737822,34.74104253040664,1.08,506027.0,475.0,5807.0,True,macro
POST_00760,2025-11-03 20:06:00,TikTok,Duet,Fitness,44964,1155,337,485437,1688,48189,96.4,20,Monday,13,378,Neutral,Micro,False,False,11,2025,48144,99.176618181144,999.0661769283447,96.4,485437.0,44964.0,48144.0,True,micro
POST_04400,2025-11-04 00:15:00,Instagram,Photo,Sports,6460,489,233,34178,452,362296,1.98,0,Tuesday,12,928,Positive,Macro,True,False,11,2025,7634,223.3600561764878,21.071168326451296,1.98,34178.0,6460.0,7634.0,True,macro
POST_03375,2025-11-04 02:25:00,TikTok,Duet,Health,39376,81,3331,64895,1487,264374,16.18,2,Tuesday,19,173,Positive,Macro,True,False,11,2025,44275,682.2559519223362,167.47108263293666,16.18,64895.0,39376.0,44275.0,True,macro
POST_04130,2025-11-04 08:41:00,Instagram,Photo,Sports,9181,152,232,38926,710,354078,2.7,8,Tuesday,23,1748,Negative,Macro,True,True,11,2025,10275,263.9623901762318,29.019029705319166,2.7,38926.0,9181.0,10275.0,True,macro
POST_03485,2025-11-04 20:51:00,Facebook,Post,Sports,4853,321,827,10429,601,265173,2.26,20,Tuesday,7,1163,Positive,Macro,False,False,11,2025,6602,633.0424777063956,24.896954063950705,2.26,10429.0,4853.0,6602.0,True,macro
POST_01418,2025-11-04 23:11:00,Instagram,Photo,Sports,6073,127,206,3287,79,188272,3.4,23,Tuesday,28,1833,Neutral,Macro,True,True,11,2025,6485,1972.9236385762092,34.44484575507776,3.4,3287.0,6073.0,6485.0,True,macro
POST_01872,2025-11-05 07:00:00,Instagram,Carousel,Fitness,7819,217,62,4447,741,266303,3.04,7,Wednesday,13,1993,Negative,Macro,False,False,11,2025,8839,1987.632111535867,33.19151492848372,3.04,4447.0,7819.0,8839.0,True,macro
POST_00482,2025-11-05 12:17:00,LinkedIn,Post,Fitness,1494,25,221,29515,198,214210,0.81,12,Wednesday,5,97,Positive,Macro,True,True,11,2025,1938,65.66152803659156,9.047196676158908,0.81,29515.0,1494.0,1938.0,True,macro
POST_02844,2025-11-05 14:23:00,YouTube,Community Post,Health,10917,423,1235,15987,2725,304023,4.14,14,Wednesday,24,1601,Neutral,Macro,True,False,11,2025,15300,957.0275849127416,50.32513987428583,4.14,15987.0,10917.0,15300.0,True,macro
POST_01886,2025-11-05 18:32:00,Facebook,Live,Sports,2672,236,576,35045,707,22484,15.5,18,Wednesday,15,119,Neutral,Micro,True,True,11,2025,4191,119.58909972891996,186.39921722113505,15.5,35045.0,2672.0,4191.0,True,micro
POST_04862,2025-11-06 22:43:00,TikTok,Video,Fitness,6999,612,2993,432013,2890,102221,10.37,22,Thursday,0,552,Neutral,Macro,False,False,11,2025,13494,31.235171163830717,132.00810009684898,10.37,432013.0,6999.0,13494.0,True,macro
POST_03554,2025-11-08 14:11:00,Facebook,Story,Fitness,5601,246,836,18208,608,145290,4.6,14,Saturday,6,1604,Positive,Macro,True,False,11,2025,7291,400.42838312829525,50.18239383302361,4.6,18208.0,5601.0,7291.0,True,macro
POST_03282,2025-11-08 15:31:00,Instagram,Photo,Health,5064,440,5,21144,435,305454,1.8,15,Saturday,25,1749,Positive,Macro,True,False,11,2025,5944,281.11993946273174,19.459558558735523,1.8,21144.0,5064.0,5944.0,True,macro
POST_00266,2025-11-09 00:05:00,LinkedIn,Article,Health,636,13,70,4508,261,412190,0.17,0,Sunday,16,1889,Neutral,Macro,True,False,11,2025,980,217.3913043478261,2.3775443363497417,0.17,4508.0,636.0,980.0,True,macro
POST_03396,2025-11-09 01:44:00,YouTube,Short,Health,1692,346,1422,459760,551,440190,0.79,1,Sunday,16,26,Negative,Macro,True,False,11,2025,4011,8.724116930572473,9.111974374701834,0.79,459760.0,1692.0,4011.0,True,macro
POST_00396,2025-11-09 12:52:00,YouTube,Live,Sports,2990,634,1323,996302,3152,330251,1.5,12,Sunday,15,365,Neutral,Macro,True,True,11,2025,8099,8.129061268571176,24.523771313334404,1.5,879754.8300000004,2990.0,8099.0,True,macro
POST_00201,2025-11-10 03:46:00,Facebook,Story,Fitness,4092,80,439,57803,615,274481,1.68,3,Monday,20,1741,Negative,Macro,True,False,11,2025,5226,90.41053232531183,19.039569223370652,1.68,57803.0,4092.0,5226.0,True,macro
POST_00149,2025-11-10 03:56:00,Instagram,Carousel,Health,3110,371,8,21219,972,189146,1.84,3,Monday,4,1520,Positive,Macro,True,False,11,2025,4461,210.23610914746217,23.584955536992588,1.84,21219.0,3110.0,4461.0,True,macro
POST_01844,2025-11-10 21:41:00,Facebook,Live,Health,7019,185,554,71360,123,114574,6.77,21,Monday,27,521,Neutral,Macro,True,False,11,2025,7881,110.44002242152466,68.78523923403215,6.77,71360.0,7019.0,7881.0,True,macro
POST_03324,2025-11-14 10:10:00,Facebook,Live,Fitness,1573,393,111,79818,65,315536,0.66,10,Friday,21,586,Positive,Macro,True,False,11,2025,2142,26.836052018341725,6.788448861619593,0.66,79818.0,1573.0,2142.0,True,macro
POST_04836,2025-11-14 18:39:00,Instagram,Reel,Sports,5855,148,180,17534,968,319324,1.94,18,Friday,13,122,Neutral,Macro,True,False,11,2025,7151,407.836203946618,22.39418271097694,1.94,17534.0,5855.0,7151.0,True,macro
POST_00280,2025-11-16 03:36:00,TikTok,Video,Fitness,40038,93,3267,42570,2011,440315,9.86,3,Sunday,9,225,Negative,Macro,True,False,11,2025,45409,1066.6901573878317,103.12844213801483,9.86,42570.0,40038.0,45409.0,True,macro
POST_00093,2025-11-16 15:13:00,TikTok,Duet,Fitness,38115,1270,4097,353962,2716,300337,14.48,15,Sunday,5,485,Neutral,Macro,False,False,11,2025,46198,130.51683514049532,153.82054159161208,14.48,353962.0,38115.0,46198.0,True,macro
POST_04297,2025-11-17 03:42:00,Instagram,Carousel,Sports,3523,273,252,43268,903,103143,3.92,3,Monday,0,1746,Neutral,Macro,True,True,11,2025,4951,114.42636590551909,48.00131855773053,3.92,43268.0,3523.0,4951.0,True,macro
POST_00198,2025-11-17 06:23:00,TikTok,Video,Sports,22585,1110,1690,395535,1485,379239,6.69,6,Monday,11,397,Neutral,Macro,True,False,11,2025,26870,67.93330552289936,70.85241760472948,6.69,395535.0,22585.0,26870.0,True,macro
POST_02734,2025-11-17 17:05:00,YouTube,Live,Fitness,14928,360,1351,389034,383,76262,21.82,17,Monday,25,176,Positive,Mid-tier,True,False,11,2025,17022,43.754530452351204,223.20421704125252,21.82,389034.0,14928.0,17022.0,True,mid-tier
POST_02020,2025-11-18 02:16:00,LinkedIn,Document,Fitness,1238,108,217,745,243,458500,0.34,2,Tuesday,19,1053,Neutral,Macro,True,False,11,2025,1806,2424.161073825503,3.938931297709923,0.34,745.0,1238.0,1806.0,True,macro
POST_03397,2025-11-18 07:16:00,TikTok,Duet,Fitness,28920,392,1572,366483,525,178702,17.28,7,Tuesday,8,597,Neutral,Macro,True,False,11,2025,31409,85.7038389229514,175.7618829112153,17.28,366483.0,28920.0,31409.0,True,macro
POST_00386,2025-11-19 08:36:00,TikTok,Video,Sports,19826,123,916,432530,1843,328444,6.35,8,Wednesday,13,252,Positive,Macro,True,False,11,2025,22708,52.50040459621298,69.13811791355603,6.35,432530.0,19826.0,22708.0,True,macro
POST_02630,2025-11-19 09:39:00,Twitter,Tweet,Sports,4202,283,1867,81635,78,98235,6.47,9,Wednesday,19,1573,Neutral,Mid-tier,True,True,11,2025,6430,78.76523549947939,65.45528579426885,6.47,81635.0,4202.0,6430.0,True,mid-tier
POST_00911,2025-11-20 03:26:00,Facebook,Video,Sports,7056,152,569,31732,73,228588,3.4,3,Thursday,20,323,Neutral,Macro,True,False,11,2025,7850,247.38434387999496,34.341260258631245,3.4,31732.0,7056.0,7850.0,True,macro
POST_03614,2025-11-20 20:47:00,TikTok,Stitch,Health,13694,660,3704,58639,431,211160,8.55,20,Thursday,1,234,Negative,Macro,False,False,11,2025,18489,315.3021026961578,87.55919681757909,8.55,58639.0,13694.0,18489.0,True,macro
POST_03076,2025-11-20 22:51:00,TikTok,Duet,Health,35952,770,224,50952,1838,293692,12.58,22,Thursday,20,59,Neutral,Macro,True,False,11,2025,38784,761.1869995289684,132.0567124742928,12.58,50952.0,35952.0,38784.0,True,macro
POST_00981,2025-11-21 06:11:00,Twitter,Thread,Fitness,304,114,1022,11467,475,348027,0.41,6,Friday,20,1132,Positive,Macro,True,False,11,2025,1915,167.0009592744397,5.5024466492542246,0.41,11467.0,304.0,1915.0,True,macro
POST_02726,2025-11-22 01:06:00,Twitter,Retweet,Fitness,2906,70,830,5158,225,303126,1.26,1,Saturday,26,1648,Positive,Macro,False,False,11,2025,4031,781.5044590926716,13.298100459874773,1.26,5158.0,2906.0,4031.0,True,macro
POST_00944,2025-11-23 17:24:00,TikTok,Duet,Health,20960,1142,571,249856,344,24857,91.21,17,Sunday,1,201,Positive,Micro,True,False,11,2025,23017,92.12106173155738,925.9765860723338,91.21,249856.0,20960.0,23017.0,True,micro
POST_03950,2025-11-24 04:24:00,Instagram,Story,Sports,9254,173,265,30867,858,14816,65.42,4,Monday,7,577,Neutral,Micro,True,True,11,2025,10550,341.78896556192694,712.0680345572355,65.42,30867.0,9254.0,10550.0,True,micro
POST_03450,2025-11-24 06:26:00,Instagram,Story,Health,1088,82,77,21397,849,492533,0.25,6,Monday,5,752,Neutral,Macro,False,False,11,2025,2096,97.95765761555359,4.2555524198378585,0.25,21397.0,1088.0,2096.0,True,macro
POST_03713,2025-11-24 16:25:00,LinkedIn,Document,Sports,1355,115,37,11530,241,69889,2.16,16,Monday,24,1053,Neutral,Mid-tier,True,True,11,2025,1748,151.60450997398092,25.011089012577084,2.16,11530.0,1355.0,1748.0,True,mid-tier
POST_04466,2025-11-24 16:59:00,Twitter,Poll,Fitness,2605,190,1534,19825,144,21548,20.09,16,Monday,6,379,Neutral,Micro,True,False,11,2025,4473,225.62421185372006,207.5830703545573,20.09,19825.0,2605.0,4473.0,True,micro
POST_02875,2025-11-24 22:11:00,TikTok,Stitch,Fitness,14162,1373,327,138823,933,497933,3.19,22,Monday,28,407,Negative,Macro,True,False,11,2025,16795,120.98139357311108,33.729437494602685,3.19,138823.0,14162.0,16795.0,True,macro
POST_03275,2025-11-25 00:11:00,TikTok,Duet,Fitness,35825,782,1749,310005,713,100399,38.2,0,Tuesday,27,458,Positive,Macro,True,False,11,2025,39069,126.02699956452315,389.13734200539847,38.2,310005.0,35825.0,39069.0,True,macro
POST_01837,2025-11-25 16:49:00,Instagram,Story,Sports,6671,484,268,38833,349,229674,3.23,16,Tuesday,14,421,Neutral,Macro,True,False,11,2025,7772,200.13905698761363,33.83926783179638,3.23,38833.0,6671.0,7772.0,True,macro
POST_04668,2025-11-26 13:09:00,TikTok,Stitch,Health,48191,1199,23,452950,2242,153999,32.09,13,Wednesday,5,307,Positive,Macro,True,False,11,2025,51655,114.04128491003422,335.42425600166234,32.09,452950.0,47071.60000000001,51655.0,True,macro
POST_01241,2025-11-26 18:44:00,TikTok,Video,Sports,36280,461,3460,182071,2945,391804,10.26,18,Wednesday,17,207,Positive,Macro,True,False,11,2025,43146,236.97348836442927,110.12138722422436,10.26,182071.0,36280.0,43146.0,True,macro
POST_04215,2025-11-28 04:16:00,Facebook,Live,Sports,1962,353,229,6941,476,288332,0.88,4,Friday,0,507,Neutral,Macro,False,False,11,2025,3020,435.0958075205302,10.474036874158957,0.88,6941.0,1962.0,3020.0,True,macro
POST_00920,2025-11-28 07:02:00,Instagram,Photo,Fitness,6306,312,54,33102,90,441487,1.51,7,Friday,5,1143,Neutral,Macro,True,False,11,2025,6762,204.27768714881276,15.316419283013996,1.51,33102.0,6306.0,6762.0,True,macro
POST_02779,2025-11-28 10:19:00,Twitter,Thread,Fitness,975,258,1983,84449,392,358183,0.9,10,Friday,18,1517,Positive,Macro,True,False,11,2025,3608,42.724010941515,10.073063210705143,0.9,84449.0,975.0,3608.0,True,macro
POST_01658,2025-11-28 22:25:00,Twitter,Poll,Health,4261,59,1717,11015,249,176134,3.43,22,Friday,6,1173,Neutral,Macro,True,False,11,2025,6286,570.6763504312302,35.68873698434147,3.43,11015.0,4261.0,6286.0,True,macro
POST_04795,2025-11-29 01:39:00,Twitter,Retweet,Sports,3011,129,354,12395,38,481519,0.73,1,Saturday,5,1729,Neutral,Macro,False,False,11,2025,3532,284.95361032674464,7.335120732515228,0.73,12395.0,3011.0,3532.0,True,macro
POST_04979,2025-11-29 13:20:00,Instagram,Photo,Health,9162,81,220,23899,90,148435,6.38,13,Saturday,9,1596,Positive,Macro,False,False,11,2025,9553,399.72383781748186,64.3581365580894,6.38,23899.0,9162.0,9553.0,True,macro
POST_04005,2025-11-30 08:12:00,Instagram,Story,Health,1311,153,274,14390,16,275370,0.63,8,Sunday,19,241,Positive,Macro,True,False,11,2025,1754,121.89020152883947,6.369611795039401,0.63,14390.0,1311.0,1754.0,True,macro
POST_02860,2025-11-30 22:24:00,Instagram,Story,Sports,7031,97,166,17320,736,489964,1.49,22,Sunday,3,1962,Positive,Macro,False,False,11,2025,8030,463.6258660508083,16.388959188838363,1.49,17320.0,7031.0,8030.0,True,macro
POST_03354,2025-12-02 09:54:00,Facebook,Video,Health,3852,149,697,22807,437,249544,1.88,9,Tuesday,9,138,Positive,Macro,True,False,12,2025,5135,225.15017319244092,20.57753342095983,1.88,22807.0,3852.0,5135.0,True,macro
POST_03609,2025-12-02 10:58:00,YouTube,Live,Sports,8127,763,1068,752790,2509,75912,13.12,10,Tuesday,2,456,Neutral,Mid-tier,True,False,12,2025,12467,16.5610595252328,164.22963431341552,13.12,752790.0,8127.0,12467.0,True,mid-tier
POST_01295,2025-12-02 15:26:00,TikTok,Video,Health,35929,1023,4465,457889,2390,411785,10.06,15,Tuesday,16,416,Positive,Macro,True,True,12,2025,43807,95.6716584150307,106.38318540014814,10.06,457889.0,35929.0,43807.0,True,macro
POST_01998,2025-12-03 09:38:00,Instagram,Photo,Health,1026,181,3,11048,128,407456,0.3,9,Wednesday,3,1516,Positive,Macro,False,True,12,2025,1338,121.10789283128167,3.2837901515746486,0.3,11048.0,1026.0,1338.0,True,macro
POST_01487,2025-12-03 09:52:00,Twitter,Thread,Sports,1696,116,513,73855,61,394399,0.59,9,Wednesday,27,1214,Positive,Macro,True,True,12,2025,2386,32.30654661160382,6.049711079389146,0.59,73855.0,1696.0,2386.0,True,macro
POST_02361,2025-12-03 19:21:00,Instagram,Reel,Fitness,9570,294,209,15703,912,477608,2.11,19,Wednesday,1,76,Neutral,Macro,True,False,12,2025,10985,699.5478570973698,23.00003350027638,2.11,15703.0,9570.0,10985.0,True,macro
POST_01770,2025-12-04 04:21:00,Twitter,Retweet,Fitness,4799,231,929,57908,72,293745,2.03,4,Thursday,5,1061,Neutral,Macro,True,False,12,2025,6031,104.14795883124957,20.531413300651927,2.03,57908.0,4799.0,6031.0,True,macro
POST_04659,2025-12-04 22:52:00,Instagram,Photo,Sports,4135,490,182,21194,127,183719,2.62,22,Thursday,3,83,Positive,Macro,True,False,12,2025,4934,232.80173634047372,26.856231527495794,2.62,21194.0,4135.0,4934.0,True,macro
POST_01689,2025-12-06 02:18:00,Facebook,Live,Health,2939,107,404,45717,193,419372,0.82,2,Saturday,8,190,Neutral,Macro,True,False,12,2025,3643,79.68589365006453,8.686798355636522,0.82,45717.0,2939.0,3643.0,True,macro
POST_00364,2025-12-06 19:30:00,Facebook,Post,Health,2696,297,122,58548,687,473626,0.66,19,Saturday,29,934,Negative,Macro,True,False,12,2025,3802,64.93817039010727,8.027430926511634,0.66,58548.0,2696.0,3802.0,True,macro
POST_02540,2025-12-06 22:57:00,TikTok,Duet,Health,22780,1050,2618,489172,2377,115877,22.82,22,Saturday,13,169,Neutral,Macro,True,False,12,2025,28825,58.92610370176543,248.755145542256,22.82,489172.0,22780.0,28825.0,True,macro
POST_00940,2025-12-07 22:31:00,Facebook,Story,Health,6231,55,5,5661,678,431608,1.46,22,Sunday,9,1569,Neutral,Macro,True,False,12,2025,6969,1231.0545839957606,16.14659598524587,1.46,5661.0,6231.0,6969.0,True,macro
POST_02817,2025-12-08 02:09:00,Facebook,Video,Health,1113,166,519,36654,621,43441,4.14,2,Monday,29,553,Positive,Micro,True,True,12,2025,2419,65.99552572706935,55.68472180658825,4.14,36654.0,1113.0,2419.0,True,micro
POST_00322,2025-12-09 07:19:00,LinkedIn,Poll,Sports,34,38,342,6283,28,340978,0.12,7,Tuesday,19,550,Negative,Macro,True,False,12,2025,442,70.34855960528411,1.2962713136917925,0.12,6283.0,34.0,442.0,True,macro
POST_04300,2025-12-09 10:55:00,Facebook,Live,Health,1306,276,963,24685,611,247028,1.03,10,Tuesday,29,199,Neutral,Macro,True,False,12,2025,3156,127.85092161231518,12.775879657366776,1.03,24685.0,1306.0,3156.0,True,macro
POST_01147,2025-12-09 18:30:00,TikTok,Stitch,Health,22980,1005,813,494882,727,287204,8.63,18,Tuesday,17,530,Positive,Macro,False,False,12,2025,25525,51.57795191581023,88.8741103884347,8.63,494882.0,22980.0,25525.0,True,macro
POST_01218,2025-12-10 02:52:00,LinkedIn,Article,Sports,462,91,305,913,19,347740,0.25,2,Wednesday,26,211,Positive,Macro,True,False,12,2025,877,960.5695509309967,2.5219991948007134,0.25,913.0,462.0,877.0,True,macro
POST_00706,2025-12-10 19:51:00,YouTube,Short,Health,14757,836,1563,783680,2145,456138,3.76,19,Wednesday,25,117,Neutral,Macro,True,False,12,2025,19301,24.628674969375258,42.3139488488133,3.76,783680.0,14757.0,19301.0,True,macro
POST_01929,2025-12-10 21:03:00,Facebook,Post,Fitness,2445,234,622,22401,275,437080,0.76,21,Wednesday,3,1061,Negative,Macro,False,False,12,2025,3576,159.6357305477434,8.181568591562185,0.76,22401.0,2445.0,3576.0,True,macro
POST_03209,2025-12-11 04:44:00,Twitter,Poll,Sports,1990,139,719,22901,286,419243,0.68,4,Thursday,26,115,Neutral,Macro,True,False,12,2025,3134,136.84991921750142,7.47537824125865,0.68,22901.0,1990.0,3134.0,True,macro
POST_03723,2025-12-12 06:29:00,YouTube,Short,Health,6844,551,1456,621937,3326,45554,19.43,6,Friday,22,149,Neutral,Micro,True,False,12,2025,12177,19.579153515549002,267.3091276287483,19.43,621937.0,6844.0,12177.0,True,micro
POST_02334,2025-12-14 01:21:00,LinkedIn,Post,Sports,175,110,246,10586,125,429735,0.12,1,Sunday,22,1815,Neutral,Macro,True,False,12,2025,656,61.968637823540526,1.5265221590049682,0.12,10586.0,175.0,656.0,True,macro
POST_04234,2025-12-14 13:33:00,YouTube,Community Post,Health,10741,348,726,874212,104,383201,3.08,13,Sunday,16,94,Negative,Macro,True,False,12,2025,11919,13.633992669970214,31.103781044412724,3.08,874212.0,10741.0,11919.0,True,macro
POST_02152,2025-12-14 21:45:00,Instagram,Photo,Fitness,1111,145,107,40863,673,120193,1.13,21,Sunday,17,360,Neutral,Macro,True,False,12,2025,2036,49.825025083816655,16.93942242892681,1.13,40863.0,1111.0,2036.0,True,macro
POST_00341,2025-12-15 04:40:00,Facebook,Video,Sports,924,34,309,7212,421,207826,0.61,4,Monday,24,513,Neutral,Macro,True,False,12,2025,1688,234.0543538546866,8.122179130618884,0.61,7212.0,924.0,1688.0,True,macro
POST_04020,2025-12-15 13:13:00,Instagram,Story,Fitness,7246,470,239,49804,615,252487,3.15,13,Monday,11,1805,Positive,Macro,True,False,12,2025,8570,172.07453216609107,33.94234158590343,3.15,49804.0,7246.0,8570.0,True,macro
POST_04075,2025-12-16 01:15:00,LinkedIn,Poll,Fitness,1583,24,276,1185,48,305789,0.62,1,Tuesday,18,175,Neutral,Macro,True,False,12,2025,1931,1629.535864978903,6.314811847384962,0.62,1185.0,1583.0,1931.0,True,macro
POST_04231,2025-12-16 09:00:00,LinkedIn,Document,Sports,515,106,481,12898,260,358624,0.31,9,Tuesday,12,965,Positive,Macro,True,False,12,2025,1362,105.59776709567375,3.7978495583117695,0.31,12898.0,515.0,1362.0,True,macro
POST_02743,2025-12-17 21:21:00,Instagram,Carousel,Sports,143,215,296,40984,908,108963,0.6,21,Wednesday,7,1684,Neutral,Macro,False,False,12,2025,1562,38.11243412063244,14.335141286491744,0.6,40984.0,143.0,1562.0,True,macro
POST_01541,2025-12-18 11:36:00,LinkedIn,Document,Fitness,204,13,20,6997,53,67383,0.35,11,Thursday,8,1769,Neutral,Mid-tier,True,False,12,2025,290,41.446334143204226,4.303756140272768,0.35,6997.0,204.0,290.0,True,mid-tier
POST_01646,2025-12-18 19:37:00,TikTok,Stitch,Health,8177,1554,1173,251602,1154,351736,3.1,19,Thursday,12,572,Neutral,Macro,True,False,12,2025,12058,47.924897258368375,34.28139286282894,3.1,251602.0,8177.0,12058.0,True,macro
POST_00179,2025-12-19 03:24:00,YouTube,Live,Health,19210,577,489,491251,3332,34762,58.33,3,Friday,11,284,Positive,Micro,True,False,12,2025,23608,48.05689962972086,679.1323859386687,58.33,491251.0,19210.0,23608.0,True,micro
POST_01002,2025-12-19 17:58:00,Facebook,Story,Health,3264,244,499,69459,661,350211,1.14,17,Friday,18,982,Positive,Macro,True,False,12,2025,4668,67.20511380814581,13.32910730959336,1.14,69459.0,3264.0,4668.0,True,macro
POST_01568,2025-12-19 18:25:00,Instagram,Reel,Sports,4363,19,139,46985,753,194751,2.32,18,Friday,10,172,Negative,Macro,True,False,12,2025,5274,112.2485899755241,27.080733860159896,2.32,46985.0,4363.0,5274.0,True,macro
POST_04705,2025-12-21 04:24:00,Twitter,Poll,Health,3027,40,455,11281,207,179489,1.96,4,Sunday,10,377,Neutral,Macro,True,True,12,2025,3729,330.5558017906214,20.77564641844347,1.96,11281.0,3027.0,3729.0,True,macro
POST_00996,2025-12-21 09:44:00,Instagram,Carousel,Fitness,820,389,272,36386,94,220570,0.67,9,Sunday,1,962,Positive,Macro,True,False,12,2025,1575,43.285879184301656,7.140590288797207,0.67,36386.0,820.0,1575.0,True,macro
POST_01556,2025-12-22 21:25:00,Instagram,Photo,Sports,4496,91,200,1369,969,374699,1.28,21,Monday,23,729,Neutral,Macro,True,False,12,2025,5756,4204.528853177502,15.361663628672614,1.28,1369.0,4496.0,5756.0,True,macro
POST_03765,2025-12-23 18:28:00,Facebook,Live,Sports,4646,399,361,68029,550,236842,2.28,18,Tuesday,6,112,Positive,Macro,False,False,12,2025,5956,87.55089741139808,25.14756673225188,2.28,68029.0,4646.0,5956.0,True,macro
POST_00248,2025-12-24 06:04:00,YouTube,Community Post,Sports,5323,699,1275,366871,1328,437858,1.67,6,Wednesday,24,1058,Positive,Macro,True,False,12,2025,8625,23.509625999329465,19.69816698564375,1.67,366871.0,5323.0,8625.0,True,macro
POST_02372,2025-12-24 14:35:00,TikTok,Video,Sports,18170,1749,713,61690,2244,156359,13.2,14,Wednesday,8,353,Neutral,Macro,True,False,12,2025,22876,370.82185119144106,146.3043380937458,13.2,61690.0,18170.0,22876.0,True,macro
POST_04220,2025-12-24 18:57:00,Twitter,Tweet,Sports,2224,145,1007,78230,47,151605,2.23,18,Wednesday,15,76,Positive,Macro,False,False,12,2025,3423,43.75559248370191,22.57841100227565,2.23,78230.0,2224.0,3423.0,True,macro
POST_01117,2025-12-25 04:00:00,Instagram,Reel,Fitness,5968,70,156,22602,42,403884,1.53,4,Thursday,12,215,Positive,Macro,True,False,12,2025,6236,275.9047871869746,15.440076853750087,1.53,22602.0,5968.0,6236.0,True,macro
POST_02655,2025-12-26 09:12:00,TikTok,Stitch,Health,36927,1055,2930,216282,2020,418477,9.78,9,Friday,26,220,Neutral,Macro,False,False,12,2025,42932,198.50010634264527,102.59106235229176,9.78,216282.0,36927.0,42932.0,True,macro
POST_03063,2025-12-27 06:08:00,Facebook,Live,Sports,7503,394,992,20379,511,76447,11.63,6,Saturday,10,334,Positive,Mid-tier,True,False,12,2025,9400,461.2591393100741,122.96100566405484,11.63,20379.0,7503.0,9400.0,True,mid-tier
POST_00841,2025-12-27 07:22:00,Instagram,Photo,Sports,4139,334,165,22484,928,115363,4.02,7,Saturday,25,447,Positive,Macro,True,False,12,2025,5566,247.55381604696672,48.24770507008313,4.02,22484.0,4139.0,5566.0,True,macro
POST_00632,2025-12-27 20:26:00,TikTok,Duet,Sports,49713,621,3491,155619,2706,283858,18.96,20,Saturday,23,270,Neutral,Macro,False,False,12,2025,56531,363.26541103592746,199.15239309795743,18.96,155619.0,47071.60000000001,52434.52000000001,True,macro
POST_00821,2025-12-27 22:40:00,TikTok,Stitch,Fitness,17266,1517,4890,305767,1913,441133,5.37,22,Saturday,26,241,Positive,Macro,True,False,12,2025,25586,83.67809475842716,58.00064833054884,5.37,305767.0,17266.0,25586.0,True,macro
POST_01253,2025-12-28 03:01:00,Instagram,Story,Fitness,8644,111,40,23608,189,293165,3.0,3,Sunday,17,1193,Positive,Macro,True,True,12,2025,8984,380.54896645205014,30.644858697320622,3.0,23608.0,8644.0,8984.0,True,macro
POST_04068,2025-12-29 09:25:00,YouTube,Video,Health,4211,148,389,510240,426,252138,1.88,9,Monday,15,464,Neutral,Macro,True,False,12,2025,5174,10.140326121041078,20.520508610364164,1.88,510240.0,4211.0,5174.0,True,macro
POST_01724,2025-12-31 07:43:00,Instagram,Reel,Sports,2419,298,170,20058,875,114357,2.52,7,Wednesday,0,107,Positive,Macro,True,False,12,2025,3762,187.55608734669457,32.89698050840788,2.52,20058.0,2419.0,3762.0,True,macro
POST_00816,2025-12-31 14:05:00,Facebook,Post,Fitness,5131,381,312,35523,341,82001,7.1,14,Wednesday,16,247,Neutral,Mid-tier,True,True,12,2025,6165,173.54953128958704,75.1820099754881,7.1,35523.0,5131.0,6165.0,True,mid-tier
